lb,position,tag,type,key,name
f3a01,1,place,start,PL11772,徑山
f3a01,2,place,end,PL11772,徑山
f3a02,7,person,start,A000589,釋宗净
f3a02,9,person,end,A000589,釋宗净
f3a02,25,place,start,PL13508,金華
f3a02,26,place,end,PL13508,金華
f3a02,29,place,start,PL11848,徑山興聖萬壽禪寺
f3a03,7,place,end,PL11848,徑山興聖萬壽禪寺
f3a04,4,place,start,PL11882,浙江余杭縣
f3a04,8,place,end,PL11882,浙江余杭縣
f3a05,2,place,start,PL12081,天目山
f3a05,4,place,end,PL12081,天目山
f3a06,31,person,start,A004218,欽禪師
f3a06,33,person,end,A004218,欽禪師
f3a07,7,person,start,A004379,代宗
f3a07,8,person,end,A004379,代宗
f3a07,17,person,start,A004218,國一大覺
f3a07,20,person,end,A004218,國一大覺
f3a07,29,place,start,PL11848,徑山寺
f3a08,1,place,end,PL11848,徑山寺
f3a08,13,place,start,PL11848,乾符鎮國院
f3a08,17,place,end,PL11848,乾符鎮國院
f3a09,3,place,start,PL11848,承天禪院
f3a09,6,place,end,PL11848,承天禪院
f3a09,18,place,start,PL11848,能仁禪院
f3a09,21,place,end,PL11848,能仁禪院
f3a09,25,place,start,PL11848,興聖萬壽禪寺
f3a10,1,place,end,PL11848,興聖萬壽禪寺
f3a11,5,place,start,PL11848,徑山寺
f3a11,7,place,end,PL11848,徑山寺
f3a12,3,place,start,PL11772,徑山
f3a12,4,place,end,PL11772,徑山
f3a12,6,place,start,PL56236,圓覺閣
f3a12,8,place,end,PL56236,圓覺閣
f3a14,1,person,start,A022939,曾學文
f3a14,3,person,end,A022939,曾學文
0001a01,9,place,start,PL10787,揚州
0001a01,10,place,end,PL10787,揚州
0001a01,11,person,start,A022938,馬氏
0001a01,12,person,end,A022938,馬氏
0001a02,2,place,start,PL11848,徑山興聖萬壽禪寺
0001a02,9,place,end,PL11848,徑山興聖萬壽禪寺
0001a02,12,place,start,PL13508,金華
0001a02,13,place,end,PL13508,金華
0001a02,14,person,start,A000589,宗净
0001a02,15,person,end,A000589,宗净
0001a03,4,place,start,PL12119,臨安縣
0001a03,6,place,end,PL12119,臨安縣
0001a03,7,place,start,PL12081,天目山
0001a03,9,place,end,PL12081,天目山
0001a03,13,person,start,A004218,國一禪師法欽
0001a03,18,person,end,A004218,國一禪師法欽
0001a03,22,person,start,A004379,代宗
0001a03,23,person,end,A004379,代宗
0001a03,27,place,start,PL11848,乾符
0001a03,28,place,end,PL11848,乾符
0001a04,5,person,start,A008400,顯仁太后
0001a04,8,person,end,A008400,顯仁太后
0001a04,9,person,start,A002088,高宗
0001a04,10,person,end,A002088,高宗
0001a04,16,person,start,A000480,孝宗
0001a04,17,person,end,A000480,孝宗
0001a04,20,place,start,PL11852,千僧閣
0001a04,22,place,end,PL11852,千僧閣
0001a04,23,place,start,PL11773,妙喜菴
0001a04,25,place,end,PL11773,妙喜菴
0001a05,17,person,start,A021752,方壹
0001a05,18,person,end,A021752,方壹
0001a05,27,person,start,A022935,正璠
0001a05,28,person,end,A022935,正璠
0001a05,29,person,start,A001222,呆庵
0001a05,30,person,end,A001222,呆庵
0001a06,9,person,start,A022936,性澄
0001a06,10,person,end,A022936,性澄
0001a06,41,place,start,PL11772,雙徑
0001a06,42,place,end,PL11772,雙徑
0001a06,43,place,start,PLG00000000024,五峰
0001a06,44,place,end,PLG00000000024,五峰
0001a07,45,place,start,PL15039,兩淮
0001a07,46,place,end,PL15039,兩淮
0001a08,3,person,start,A022937,李質穎
0001a08,5,person,end,A022937,李質穎
0001a08,8,person,start,A022938,馬裕
0001a08,9,person,end,A022938,馬裕
0001a08,12,person,start,A000589,釋宗淨
0001a08,14,person,end,A000589,釋宗淨
0004a01,10,place,start,PL48207,竺乾
0004a01,11,place,end,PL48207,竺乾
0004a01,12,person,start,G000043,七佛
0004a02,1,person,end,G000043,七佛
0004a02,4,person,start,G000017,六祖
0004a02,5,person,end,G000017,六祖
0004a06,5,person,start,G000071,孔孟
0004a06,6,person,end,G000071,孔孟
0004a07,9,place,start,PL11772,徑山
0004a07,10,place,end,PL11772,徑山
0005a02,6,person,start,A004218,國一欽公
0005a02,9,person,end,A004218,國一欽公
0005a02,11,person,start,A010559,無上宗公
0005a03,2,person,end,A010559,無上宗公
0005a03,3,person,start,A010583,灋濟諲公
0005a03,6,person,end,A010583,灋濟諲公
0005a05,2,person,start,A004379,代宗皇帝
0005a05,5,person,end,A004379,代宗皇帝
0005a08,5,person,start,A000475,大慧杲公
0005a08,8,person,end,A000475,大慧杲公
0006a03,7,person,start,A000480,宋帝孝宗
0006a03,10,person,end,A000480,宋帝孝宗
0006a05,3,person,start,A008387,魏國張浚
0006a05,6,person,end,A008387,魏國張浚
0006a05,9,person,start,A001050,張商英
0006a05,11,person,end,A001050,張商英
0006a06,2,person,start,A007553,張九成
0006a06,4,person,end,A007553,張九成
0007a01,9,place,start,PL11772,徑山
0007a01,10,place,end,PL11772,徑山
0008a02,2,person,start,A022935,正璠
0008a02,3,person,end,A022935,正璠
0008a05,12,person,start,A004218,國一
0008a06,1,person,end,A004218,國一
0009a02,3,person,start,A022935,璠
0009a02,3,person,end,A022935,璠
0010a03,7,person,start,A021752,方壹
0010a03,8,person,end,A021752,方壹
0011a02,2,place,start,PL11848,徑山興聖萬壽禅寺
0011a02,9,place,end,PL11848,徑山興聖萬壽禅寺
0011a02,12,place,start,PL13508,金華
0011a02,13,place,end,PL13508,金華
0011a02,14,person,start,A000589,宗淨
0011a02,15,person,end,A000589,宗淨
0011a03,1,place,start,PL12119,臨安
0011a03,2,place,end,PL12119,臨安
0011a04,5,place,start,PL12081,天目
0011a04,6,place,end,PL12081,天目
0011a04,15,person,start,A004218,國一禅師法欽
0011a05,2,person,end,A004218,國一禅師法欽
0011a05,3,person,start,A004379,唐代宗
0011a05,5,person,end,A004379,唐代宗
0011a05,8,place,start,PL11519,杭州
0011a05,9,place,end,PL11519,杭州
0011a05,14,place,start,PL11848,徑山寺
0011a05,16,place,end,PL11848,徑山寺
0011a06,6,place,start,PL11848,乾符鎮國院
0011a06,10,place,end,PL11848,乾符鎮國院
0011a06,17,place,start,PL11848,承天禅院
0011a07,2,place,end,PL11848,承天禅院
0011a07,15,place,start,PL11848,能仁禅院
0011a07,18,place,end,PL11848,能仁禅院
0011a07,20,person,start,A004218,欽
0011a07,20,person,end,A004218,欽
0011a10,8,place,start,PL42189,長安
0011a10,9,place,end,PL42189,長安
0011a11,6,person,start,A000480,宋孝宗
0011a11,8,person,end,A000480,宋孝宗
0011a11,13,place,start,PL11852,千僧閣
0011a11,15,place,end,PL11852,千僧閣
0011a11,17,place,start,PL11773,妙喜菴
0012a01,1,place,end,PL11773,妙喜菴
0012a01,2,person,start,A008400,顯仁皇太后
0012a01,6,person,end,A008400,顯仁皇太后
0012a01,7,person,start,A002088,高宗皇帝
0012a01,10,person,end,A002088,高宗皇帝
0012a01,14,place,start,PL11772,徑山
0012a01,15,place,end,PL11772,徑山
0012a02,10,place,start,PL56266,龍遊閣
0012a02,12,place,end,PL56266,龍遊閣
0012a03,1,person,start,A004379,唐代宗皇帝
0012a03,5,person,end,A004379,唐代宗皇帝
0012a03,10,person,start,A004218,國一大覺
0012a03,13,person,end,A004218,國一大覺
0012a07,4,person,start,A010308,黃鳳
0012a07,5,person,end,A010308,黃鳳
0013a01,1,place,start,PL11848,徑山興聖萬壽禅寺
0013a01,8,place,end,PL11848,徑山興聖萬壽禅寺
0013a02,1,place,start,PL11772,徑山
0013a02,2,place,end,PL11772,徑山
0013a03,1,place,start,PLG00000000024,五峰
0013a03,2,place,end,PLG00000000024,五峰
0013a03,7,place,start,PL11778,龍湫
0013a03,8,place,end,PL11778,龍湫
0013a03,13,person,start,A004218,國一
0013a03,14,person,end,A004218,國一
0013a05,8,place,start,PL42189,長安
0013a05,9,place,end,PL42189,長安
0013a05,10,person,start,A004379,代宗
0013a05,11,person,end,A004379,代宗
0013a06,12,person,start,A010559,無上
0013a06,13,person,end,A010559,無上
0013a06,17,person,start,A010583,法濟
0013a06,18,person,end,A010583,法濟
0013a07,14,person,start,A003552,錢武粛王
0013a07,17,person,end,A003552,錢武粛王
0013a08,4,place,start,PL8355,吳越
0013a08,5,place,end,PL8355,吳越
0013a08,17,person,start,A001640,太宗皇帝
0013a09,2,person,end,A001640,太宗皇帝
0013a09,18,person,start,A003555,蘇公
0013a10,1,person,end,A003555,蘇公
0013a10,3,place,start,PL11515,杭州
0013a10,4,place,end,PL11515,杭州
0013a10,9,person,start,A020589,祖印悟公
0013a10,12,person,end,A020589,祖印悟公
0013a11,5,person,start,A000475,大慧
0013a11,6,person,end,A000475,大慧
0014a02,6,person,start,A022717,龍神
0014a02,7,person,end,A022717,龍神
0014a02,14,person,start,A008400,顯仁皇后
0014a02,17,person,end,A008400,顯仁皇后
0014a03,1,place,start,PL55526,慈寧宮
0014a03,3,place,end,PL55526,慈寧宮
0014a03,4,person,start,A002088,高宗皇帝
0014a03,7,person,end,A002088,高宗皇帝
0014a03,9,place,start,PL56265,德壽宮
0014a03,11,place,end,PL56265,德壽宮
0014a04,1,place,start,PL56266,龍遊閣
0014a04,3,place,end,PL56266,龍遊閣
0014a04,6,person,start,A000480,孝宗皇帝
0014a04,9,person,end,A000480,孝宗皇帝
0014a04,11,place,start,PL11848,興聖萬壽禅寺
0014a04,16,place,end,PL11848,興聖萬壽禅寺
0014a05,14,person,start,A000475,大慧
0014a05,15,person,end,A000475,大慧
0014a06,4,person,start,A022717,神龍
0014a06,5,person,end,A022717,神龍
0014a07,2,person,start,A022717,神應德濟顯佑廣澤王
0014a07,10,person,end,A022717,神應德濟顯佑廣澤王
0014a07,13,place,start,PL56267,靈澤
0014a07,14,place,end,PL56267,靈澤
0014a09,7,person,start,A004218,國一
0014a09,8,person,end,A004218,國一
0014a10,3,person,start,A010559,無上
0014a10,4,person,end,A010559,無上
0015a01,13,person,start,A013131,蒙菴禅師元聦
0015a01,18,person,end,A013131,蒙菴禅師元聦
0015a02,7,place,start,PL17158,福
0015a02,7,place,end,PL17158,福
0015a02,9,place,start,PL17205,雪峰
0015a02,10,place,end,PL17205,雪峰
0015a03,11,place,start,PL11310,浙西
0015a03,12,place,end,PL11310,浙西
0015a06,12,place,start,PLG00000000024,五峰
0015a06,13,place,end,PLG00000000024,五峰
0015a08,13,person,start,A000475,大慧
0015a08,14,person,end,A000475,大慧
0015a10,5,person,start,A022717,龍神
0015a10,6,person,end,A022717,龍神
0016a01,2,person,start,A004218,國一
0016a01,3,person,end,A004218,國一
0016a02,16,person,start,A013131,聦
0016a02,16,person,end,A013131,聦
0016a04,1,person,start,A022718,元韶
0016a04,2,person,end,A022718,元韶
0016a04,3,person,start,A022719,可逹
0016a04,4,person,end,A022719,可逹
0016a05,10,person,start,A022720,南悟
0016a05,11,person,end,A022720,南悟
0016a05,15,place,start,PL17105,閩
0016a05,15,place,end,PL17105,閩
0016a05,16,place,start,PL11309,浙
0016a05,16,place,end,PL11309,浙
0016a09,7,place,start,PL56267,龍王殿
0016a09,9,place,end,PL56267,龍王殿
0017a01,9,place,start,PL56270,普光明
0017a01,11,place,end,PL56270,普光明
0017a02,7,place,start,PL56268,五鳳樓
0017a02,9,place,end,PL56268,五鳳樓
0017a03,2,place,start,PL56271,行道閣
0017a03,4,place,end,PL56271,行道閣
0017a03,16,place,start,PL11852,千僧閣
0017a03,18,place,end,PL11852,千僧閣
0017a05,1,place,start,PL11860,觀音殿
0017a05,3,place,end,PL11860,觀音殿
0017a08,6,place,start,PL11864,妙喜塔亭
0017a08,9,place,end,PL11864,妙喜塔亭
0017a08,12,place,start,PL56274,蒙庵
0017a08,13,place,end,PL56274,蒙庵
0017a08,15,place,start,PL55627,明月池
0017a08,17,place,end,PL55627,明月池
0017a09,2,place,start,PL56355,香水海
0017a09,4,place,end,PL56355,香水海
0017a09,9,place,start,PL56276,天慧堂
0017a09,11,place,end,PL56276,天慧堂
0018a02,12,place,start,PL56239,大寶坊
0018a02,14,place,end,PL56239,大寶坊
0018a07,8,place,start,PL11848,徑山
0018a07,9,place,end,PL11848,徑山
0018a08,1,place,start,PL11854,含暉之𠅘
0018a08,4,place,end,PL11854,含暉之𠅘
0018a09,4,place,start,PL11593,西湖
0018a09,5,place,end,PL11593,西湖
0018a09,6,place,start,PL11304,浙江
0018a09,7,place,end,PL11304,浙江
0018a09,10,place,start,PL11304,越
0018a09,10,place,end,PL11304,越
0018a10,5,person,start,A008602,別峰寶印
0018a10,8,person,end,A008602,別峰寶印
0018a10,16,place,start,PL11772,雙徑
0018a10,17,place,end,PL11772,雙徑
0018a11,5,place,start,PLG00000000024,五峰
0018a11,6,place,end,PLG00000000024,五峰
0019a03,15,person,start,A013131,𦖟
0019a03,15,person,end,A013131,𦖟
0019a07,15,person,start,A007385,拙菴
0019a07,16,person,end,A007385,拙菴
0019a08,16,person,start,A000475,大慧
0019a08,17,person,end,A000475,大慧
0019a08,18,place,start,PL11852,千僧閣
0019a09,2,place,end,PL11852,千僧閣
0019a09,13,person,start,A008462,李資政
0019a09,15,person,end,A008462,李資政
0019a10,3,person,start,A000475,杲公
0019a10,4,person,end,A000475,杲公
0020a03,12,person,start,A004218,國一
0020a03,13,person,end,A004218,國一
0020a09,18,place,start,PL18840,江州
0020a10,1,place,end,PL18840,江州
0020a10,2,place,start,PL56965,太平興國宮
0020a10,6,place,end,PL56965,太平興國宮
0020a10,7,place,start,PL12479,奉化縣
0020a10,9,place,end,PL12479,奉化縣
0020a10,18,person,start,A010367,樓鑰
0020a11,1,person,end,A010367,樓鑰
0021a01,1,place,start,PL11848,徑山禅寺
0021a01,4,place,end,PL11848,徑山禅寺
0021a02,5,place,start,PL12121,臨安
0021a02,6,place,end,PL12121,臨安
0021a02,8,place,start,PL12083,西天目
0021a02,10,place,end,PL12083,西天目
0021a03,10,place,start,PL11516,錢塘
0021a03,11,place,end,PL11516,錢塘
0021a03,16,place,start,PL12081,天目
0021a03,17,place,end,PL12081,天目
0021a04,17,place,start,PL11772,徑山
0021a04,18,place,end,PL11772,徑山
0021a08,2,person,start,A004218,國一
0021a08,3,person,end,A004218,國一
0021a09,10,place,start,PL56267,龍王殿
0021a09,12,place,end,PL56267,龍王殿
0021a10,7,person,start,A013131,元聦
0021a10,8,person,end,A013131,元聦
0021a11,5,person,start,A004697,無凖師範
0021a11,8,person,end,A004697,無凖師範
0021a11,15,place,start,PL12309,育王
0021a11,16,place,end,PL12309,育王
0022a11,16,place,start,PL56266,龍遊閣
0022a11,18,place,end,PL56266,龍遊閣
0023a01,2,place,start,PL11788,翠峰
0023a01,3,place,end,PL11788,翠峰
0023a02,1,place,start,PL56279,凌霄之閣
0023a02,4,place,end,PL56279,凌霄之閣
0023a03,1,place,start,PL55541,寶殿
0023a03,2,place,end,PL55541,寶殿
0023a03,4,place,start,PL56289,寶所
0023a03,5,place,end,PL56289,寶所
0023a03,7,place,start,PL56267,靈澤殿
0023a03,9,place,end,PL56267,靈澤殿
0023a03,11,place,start,PL56290,妙莊厳閣
0023a03,14,place,end,PL56290,妙莊厳閣
0023a07,7,place,start,PL56268,五鳳
0023a07,8,place,end,PL56268,五鳳
0023a07,16,place,start,PL56292,萬佛
0023a07,17,place,end,PL56292,萬佛
0023a08,2,place,start,PL56293,艮山
0023a08,3,place,end,PL56293,艮山
0023a09,3,person,start,A004261,多聞
0023a09,4,person,end,A004261,多聞
0024a02,5,person,start,A002799,瞿曇氏
0024a02,7,person,end,A002799,瞿曇氏
0024a03,10,person,start,A001361,逹磨
0024a03,11,person,end,A001361,逹磨
0024a03,16,person,start,A003868,德山
0024a03,17,person,end,A003868,德山
0024a04,12,person,start,A004146,楊歧
0024a04,13,person,end,A004146,楊歧
0024a05,2,person,start,A004982,風穴
0024a05,3,person,end,A004982,風穴
0024a08,4,person,start,A004697,無凖
0024a08,5,person,end,A004697,無凖
0026a02,3,person,start,A001050,張無盡
0026a02,5,person,end,A001050,張無盡
0026a02,17,person,start,A007177,周益公
0026a03,1,person,end,A007177,周益公
0026a03,7,person,start,A013131,聡
0026a03,7,person,end,A013131,聡
0026a03,12,person,start,A010367,樓學士
0026a03,14,person,end,A010367,樓學士
0026a04,21,place,start,PL17082,寧國
0026a05,1,place,end,PL17082,寧國
0026a05,6,place,start,PL13051,龜溪
0026a05,7,place,end,PL13051,龜溪
0026a06,11,person,start,A004697,佛鑑
0026a06,12,person,end,A004697,佛鑑
0026a06,17,place,start,PL48268,靈山
0026a06,18,place,end,PL48268,靈山
0026a09,2,person,start,A022591,詠
0026a09,2,person,end,A022591,詠
0026a10,6,person,start,A002174,孔氏
0026a10,7,person,end,A002174,孔氏
0027a04,15,person,start,A002799,如来
0027a04,16,person,end,A002799,如来
0027a05,1,person,start,A004206,毘盧
0027a05,2,person,end,A004206,毘盧
0027a05,5,person,start,A003881,二祖
0027a05,6,person,end,A003881,二祖
0027a05,9,person,start,A010512,大梅
0027a05,10,person,end,A010512,大梅
0027a05,17,person,start,A003623,馬師
0027a05,18,person,end,A003623,馬師
0027a06,1,person,start,A004218,欽師
0027a06,2,person,end,A004218,欽師
0027a07,2,person,start,A004697,範
0027a07,2,person,end,A004697,範
0027a07,11,person,start,A022591,吳詠
0027a07,12,person,end,A022591,吳詠
0027a08,2,place,start,PL11772,徑山
0027a08,3,place,end,PL11772,徑山
0027a08,11,place,start,PL11515,杭州
0027a08,12,place,end,PL11515,杭州
0027a08,15,place,start,PL17599,莆陽
0027a08,16,place,end,PL17599,莆陽
0027a08,17,person,start,A003898,蔡襄君謨
0027a08,20,person,end,A003898,蔡襄君謨
0027a09,6,place,start,PL12121,臨安
0027a09,7,place,end,PL12121,臨安
0027a10,9,place,start,PL56245,承天祠
0027a10,11,place,end,PL56245,承天祠
0027a11,2,person,start,A010324,崔元翰
0027a11,4,person,end,A010324,崔元翰
0028a07,5,place,start,PL11778,龍湫
0028a07,6,place,end,PL11778,龍湫
0029a02,4,place,start,PL56251,喝石巌
0029a02,6,place,end,PL56251,喝石巌
0029a09,11,place,start,PL8557,吳
0029a09,11,place,end,PL8557,吳
0029a09,17,place,start,PL11304,越
0029a09,17,place,end,PL11304,越
0030a09,14,place,start,PL18314,建安
0030a09,15,place,end,PL18314,建安
0030a09,16,person,start,A022722,王瑊君度
0030a10,1,person,end,A022722,王瑊君度
0030a10,2,place,start,PL5807,嶽陽
0030a10,3,place,end,PL5807,嶽陽
0030a10,4,person,start,A022723,朱師德宗哲
0030a10,8,person,end,A022723,朱師德宗哲
0030a10,10,person,start,A022722,君度
0030a10,11,person,end,A022722,君度
0030a10,14,person,start,A022724,子常
0030a10,15,person,end,A022724,子常
0030a10,16,person,start,A022725,子羙
0030a10,17,person,end,A022725,子羙
0030a11,1,person,start,A022726,杜沂
0030a11,2,person,end,A022726,杜沂
0030a11,17,person,start,A022723,朱宗哲
0031a01,1,person,end,A022723,朱宗哲
0031a01,4,person,start,A022727,師道希聖
0031a01,7,person,end,A022727,師道希聖
0031a01,8,person,start,A022726,杜沂
0031a01,9,person,end,A022726,杜沂
0031a01,12,person,start,A022728,叔元君懿
0031a01,15,person,end,A022728,叔元君懿
0031a01,16,place,start,PL31822,揭陽
0031a01,17,place,end,PL31822,揭陽
0031a01,18,person,start,A022729,盧幾舉
0031a02,2,person,end,A022729,盧幾舉
0031a02,6,place,start,PL17599,莆陽
0031a02,7,place,end,PL17599,莆陽
0031a02,8,person,start,A003898,蔡襄
0031a02,9,person,end,A003898,蔡襄
0031a04,10,person,start,A002174,孔子
0031a04,11,person,end,A002174,孔子
0031a04,13,place,start,PL21580,㤗山
0031a04,14,place,end,PL21580,㤗山
0031a05,2,person,start,A011920,荀卿
0031a05,3,person,end,A011920,荀卿
0031a09,10,person,start,A003898,蔡君謨
0031a09,12,person,end,A003898,蔡君謨
0031a09,14,place,start,PL11772,徑山
0031a09,15,place,end,PL11772,徑山
0032a04,11,person,start,A022722,王瑊
0032a04,12,person,end,A022722,王瑊
0032a05,1,person,start,A022727,希聖
0032a05,2,person,end,A022727,希聖
0032a05,5,person,start,A003898,君謨
0032a05,6,person,end,A003898,君謨
0032a05,11,person,start,A022728,君懿
0032a05,12,person,end,A022728,君懿
0032a05,14,place,start,PL10588,漣水
0032a05,15,place,end,PL10588,漣水
0032a06,1,person,start,A022723,宗哲
0032a06,2,person,end,A022723,宗哲
0032a06,17,person,start,A022728,杜叔原
0032a07,1,person,end,A022728,杜叔原
0032a10,15,place,start,PL17599,莆陽
0032a10,16,place,end,PL17599,莆陽
0032a10,17,person,start,A003898,蔡君謨
0032a11,1,person,end,A003898,蔡君謨
0032a11,10,place,start,PL11515,杭城
0032a11,11,place,end,PL11515,杭城
0033a02,1,place,start,PL10588,漣水
0033a02,2,place,end,PL10588,漣水
0033a02,4,person,start,A022728,杜叔元
0033a02,6,person,end,A022728,杜叔元
0033a03,14,person,start,A013173,少林嵩
0033a03,16,person,end,A013173,少林嵩
0033a04,15,person,start,A022932,惠洲
0033a04,16,person,end,A022932,惠洲
0033a05,10,place,start,PL56445,流止亭
0033a05,12,place,end,PL56445,流止亭
0033a05,17,person,start,A010324,崔元翰
0033a06,1,person,end,A010324,崔元翰
0033a06,4,person,start,A004218,國一大覺
0033a06,7,person,end,A004218,國一大覺
0033a07,16,person,start,A001032,惠文正辯佛日普照
0033a08,5,person,end,A001032,惠文正辯佛日普照
0033a08,8,person,start,A001032,行端
0033a08,9,person,end,A001032,行端
0033a09,1,place,start,PL56236,圎覺閣
0033a09,3,place,end,PL56236,圎覺閣
0033a10,9,place,start,PL11848,徑山興聖萬壽禅寺
0033a10,16,place,end,PL11848,徑山興聖萬壽禅寺
0033a11,9,person,start,A008602,寶印
0033a11,10,person,end,A008602,寶印
0033a11,18,person,start,A008602,寶印
0034a01,1,person,end,A008602,寶印
0034a02,15,place,start,PL56236,圎覺之閣
0034a02,18,place,end,PL56236,圎覺之閣
0034a03,12,person,start,A008955,陸游
0034a03,13,person,end,A008955,陸游
0034a03,17,person,start,A008602,寶印
0034a03,18,person,end,A008602,寶印
0034a04,6,person,start,A008955,游
0034a04,6,person,end,A008955,游
0034a05,13,person,start,A002433,堯
0034a05,13,person,end,A002433,堯
0034a05,15,person,start,A002434,舜
0034a05,15,person,end,A002434,舜
0034a09,15,person,start,G000090,十二大士
0034a09,18,person,end,G000090,十二大士
0034a10,4,person,start,A002799,調御
0034a10,5,person,end,A002799,調御
0034a10,9,person,start,A000437,佛陁波離
0034a10,12,person,end,A000437,佛陁波離
0034a10,16,person,start,A000587,宗密
0034a10,17,person,end,A000587,宗密
0034a11,3,person,start,A003624,裴休
0034a11,4,person,end,A003624,裴休
0035a01,11,place,start,PL56295,無垢軒
0035a01,13,place,end,PL56295,無垢軒
0035a01,15,place,start,PL56300,雲廚
0035a01,16,place,end,PL56300,雲廚
0035a03,4,place,start,PL56302,大門樓
0035a03,6,place,end,PL56302,大門樓
0035a03,11,place,start,PL11848,徑山
0035a03,12,place,end,PL11848,徑山
0035a03,16,place,start,PL56299,天王殿
0035a03,18,place,end,PL56299,天王殿
0035a04,9,person,start,A022559,沐公
0035a04,10,person,end,A022559,沐公
0035a06,10,place,start,PL56303,圎照
0035a06,11,place,end,PL56303,圎照
0035a06,17,place,start,PL56304,壽塔
0035a06,18,place,end,PL56304,壽塔
0035a08,5,place,start,PL323,京師
0035a08,6,place,end,PL323,京師
0036a01,2,place,start,PL13000,吳興
0036a01,3,place,end,PL13000,吳興
0036a01,4,person,start,A022593,楊復㤗之
0036a01,7,person,end,A022593,楊復㤗之
0036a02,1,place,start,PL11752,雙溪
0036a02,2,place,end,PL11752,雙溪
0036a02,3,place,start,PL11777,化城接待寺
0036a02,7,place,end,PL11777,化城接待寺
0036a03,1,place,start,PL11848,徑山
0036a03,2,place,end,PL11848,徑山
0036a05,1,person,start,A021478,佛日禅師宣公
0036a05,6,person,end,A021478,佛日禅師宣公
0036a05,12,person,start,A007302,魯國公
0036a05,14,person,end,A007302,魯國公
0036a09,14,place,start,PL11752,雙谿
0036a09,15,place,end,PL11752,雙谿
0036a10,13,place,start,PL11777,化城
0036a10,14,place,end,PL11777,化城
0037a03,16,person,start,A002799,釋迦氏
0037a03,18,person,end,A002799,釋迦氏
0037a04,3,place,start,PL55432,雪山
0037a04,4,place,end,PL55432,雪山
0038a03,5,place,start,PL11777,化城
0038a03,6,place,end,PL11777,化城
0038a04,13,person,start,A021478,可宣
0038a04,14,person,end,A021478,可宣
0038a04,16,place,start,PL35984,蜀嘉㝎
0038a04,18,place,end,PL35984,蜀嘉㝎
0038a05,4,person,start,A008602,別峰印公
0038a05,7,person,end,A008602,別峰印公
0038a05,8,person,start,A001930,橘洲曇公
0038a05,11,person,end,A001930,橘洲曇公
0038a05,14,person,start,A001930,曇
0038a05,14,person,end,A001930,曇
0038a06,3,person,start,A008602,印
0038a06,3,person,end,A008602,印
0038a06,5,person,start,A001930,曇
0038a06,5,person,end,A001930,曇
0038a06,17,person,start,A021478,佛日
0038a06,18,person,end,A021478,佛日
0038a10,6,place,start,PL36569,眉山
0038a10,7,place,end,PL36569,眉山
0038a10,8,person,start,A021513,楊汝明
0038a10,10,person,end,A021513,楊汝明
0039a02,2,place,start,PL11848,徑山興聖萬壽禅寺
0039a02,9,place,end,PL11848,徑山興聖萬壽禅寺
0039a02,12,place,start,PL13508,金華
0039a02,13,place,end,PL13508,金華
0039a02,14,person,start,A000589,宗浄
0039a02,15,person,end,A000589,宗浄
0039a03,1,place,start,PL11848,徑山
0039a03,2,place,end,PL11848,徑山
0039a03,3,person,start,A004218,國一
0039a03,4,person,end,A004218,國一
0039a04,6,place,start,PL11515,杭州
0039a04,7,place,end,PL11515,杭州
0039a04,13,person,start,A021751,李照
0039a04,14,person,end,A021751,李照
0039a05,8,place,start,PL8557,吳
0039a05,8,place,end,PL8557,吳
0039a05,9,place,start,PL11304,越
0039a05,9,place,end,PL11304,越
0039a05,15,place,start,PL14411,天台
0039a05,16,place,end,PL14411,天台
0039a05,17,place,start,PL12277,四明
0039a05,18,place,end,PL12277,四明
0039a06,6,place,start,PL12081,天目
0039a06,7,place,end,PL12081,天目
0039a06,10,place,start,PL11772,徑山
0039a06,11,place,end,PL11772,徑山
0039a07,10,place,start,PLG00000000024,五峰
0039a07,11,place,end,PLG00000000024,五峰
0039a08,4,place,start,PL11848,承天禅院
0039a08,7,place,end,PL11848,承天禅院
0041a01,4,person,start,A004218,大覺國一貞元
0041a01,9,person,end,A004218,大覺國一貞元
0041a02,3,person,start,A004218,法欽
0041a02,4,person,end,A004218,法欽
0041a02,5,place,start,PL8508,吳郡崑山
0041a02,8,place,end,PL8508,吳郡崑山
0041a07,2,person,start,A010251,素禅師
0041a07,4,person,end,A010251,素禅師
0041a08,2,place,start,PL42189,上京
0041a08,3,place,end,PL42189,上京
0041a08,4,person,start,A010251,素
0041a08,4,person,end,A010251,素
0041a11,6,person,start,A010257,法鑑
0041a11,7,person,end,A010257,法鑑
0042a02,11,person,start,A010251,素
0042a02,11,person,end,A010251,素
0042a05,5,place,start,PL11893,餘杭
0042a05,6,place,end,PL11893,餘杭
0042a05,7,place,start,PL12406,龍泉寺
0042a05,9,place,end,PL12406,龍泉寺
0042a05,10,person,start,A021011,法崙
0042a05,11,person,end,A021011,法崙
0042a05,16,place,start,PL12110,臨安
0042a05,17,place,end,PL12110,臨安
0042a06,18,place,start,PL12081,天目山
0042a07,2,place,end,PL12081,天目山
0042a07,8,place,start,PL11772,徑山
0042a07,9,place,end,PL11772,徑山
0042a07,12,place,start,PL11772,徑塢
0042a07,13,place,end,PL11772,徑塢
0043a06,10,place,start,PL12081,天目
0043a06,11,place,end,PL12081,天目
0043a07,12,place,start,PLG00000000024,五峰
0043a07,13,place,end,PLG00000000024,五峰
0043a07,18,place,start,PL11778,大湫
0043a08,1,place,end,PL11778,大湫
0043a10,5,place,start,PL11778,龍井
0043a10,6,place,end,PL11778,龍井
0044a03,7,place,start,PL14902,臨海
0044a03,8,place,end,PL14902,臨海
0044a03,10,person,start,A010307,吳貞
0044a03,11,person,end,A010307,吳貞
0044a04,9,person,start,A003623,馬祖
0044a04,10,person,end,A003623,馬祖
0044a05,18,person,start,A010347,智藏
0044a06,1,person,end,A010347,智藏
0044a07,3,person,start,A010347,藏
0044a07,3,person,end,A010347,藏
0044a07,17,person,start,A001719,曹溪
0044a07,18,person,end,A001719,曹溪
0045a01,1,place,start,PL12081,天目
0045a01,2,place,end,PL12081,天目
0045a01,3,person,start,A010315,巾子山人
0045a01,6,person,end,A010315,巾子山人
0045a01,16,place,start,PL42189,長安
0045a01,17,place,end,PL42189,長安
0045a05,15,place,start,PL56251,喝石岩
0045a05,17,place,end,PL56251,喝石岩
0045a06,9,person,start,A010315,崇慧
0045a06,10,person,end,A010315,崇慧
0045a06,12,place,start,PL42189,京
0045a06,12,place,end,PL42189,京
0045a06,15,place,start,PL42180,章敬寺
0045a06,17,place,end,PL42180,章敬寺
0045a07,12,place,start,PL42103,太清宮
0045a07,14,place,end,PL42103,太清宮
0045a07,17,person,start,A011927,史華
0045a07,18,person,end,A011927,史華
0045a09,1,person,start,A004379,代宗
0045a09,2,person,end,A004379,代宗
0045a09,16,place,start,PL42104,東明觀
0045a09,18,place,end,PL42104,東明觀
0045a11,5,person,start,A010315,崇慧
0045a11,6,person,end,A010315,崇慧
0045a11,12,person,start,A009402,魚朝恩
0045a11,14,person,end,A009402,魚朝恩
0045a11,15,person,start,A009402,朝恩
0045a11,16,person,end,A009402,朝恩
0046a01,7,place,start,PL42180,章敬寺
0046a01,9,place,end,PL42180,章敬寺
0046a02,4,place,start,PL42104,東明觀
0046a02,6,place,end,PL42104,東明觀
0046a02,15,person,start,A010315,崇慧
0046a02,16,person,end,A010315,崇慧
0046a05,1,person,start,A011927,史華
0046a05,2,person,end,A011927,史華
0046a06,8,person,start,A021036,鞏廷玉
0046a06,10,person,end,A021036,鞏廷玉
0046a07,12,person,start,A010315,護國三藏
0046a07,15,person,end,A010315,護國三藏
0046a08,15,place,start,PL11848,徑山
0046a08,16,place,end,PL11848,徑山
0046a09,2,person,start,A004218,法欽
0046a09,3,person,end,A004218,法欽
0046a09,8,person,start,A010315,慧
0046a09,8,person,end,A010315,慧
0046a11,7,person,start,A010315,性空
0046a11,8,person,end,A010315,性空
0046a11,13,person,start,A002803,觀音
0046a11,14,person,end,A002803,觀音
0047a01,4,person,start,A010315,慧
0047a01,4,person,end,A010315,慧
0047a01,9,person,start,A004218,徑山
0047a01,10,person,end,A004218,徑山
0047a02,2,person,start,A004379,代宗
0047a02,3,person,end,A004379,代宗
0047a02,7,person,start,A010308,黃鳳
0047a02,8,person,end,A010308,黃鳳
0047a09,10,person,start,A001707,忠國師
0047a09,12,person,end,A001707,忠國師
0047a09,16,person,start,A004218,欽師
0047a09,17,person,end,A004218,欽師
0047a10,2,person,start,A001707,忠
0047a10,2,person,end,A001707,忠
0047a10,10,person,start,A004218,國一
0047a10,11,person,end,A004218,國一
0048a03,2,person,start,A010309,楊綰
0048a03,3,person,end,A010309,楊綰
0048a04,2,person,start,A021038,崔趙公
0048a04,4,person,end,A021038,崔趙公
0048a05,11,person,start,A021038,趙
0048a05,11,person,end,A021038,趙
0048a06,3,person,start,A009805,李泌
0048a06,4,person,end,A009805,李泌
0048a06,5,person,start,A008847,徐浩
0048a06,6,person,end,A008847,徐浩
0048a06,7,person,start,A010311,第五琦
0048a06,9,person,end,A010311,第五琦
0048a06,10,person,start,A010312,陳少游
0048a06,12,person,end,A010312,陳少游
0048a08,14,place,start,PL11772,徑山
0048a08,15,place,end,PL11772,徑山
0048a10,4,person,start,A010313,刺史
0048a10,5,person,end,A010313,刺史
0048a10,10,place,start,PL11473,龍興寺
0048a10,12,place,end,PL11473,龍興寺
0048a10,17,place,start,PL11304,越
0048a10,17,place,end,PL11304,越
0049a01,15,place,start,PL11473,龍興
0049a01,16,place,end,PL11473,龍興
0049a01,18,place,start,PL11848,徑山
0049a02,1,place,end,PL11848,徑山
0049a07,2,place,start,PL8357,海岱
0049a07,3,place,end,PL8357,海岱
0049a07,6,place,start,PLG00000000048,隴蜀
0049a07,7,place,end,PLG00000000048,隴蜀
0049a07,10,place,start,PL55211,交
0049a07,10,place,end,PL55211,交
0049a07,11,place,start,PL30464,廣
0049a07,11,place,end,PL30464,廣
0049a07,14,place,start,PL6685,朔方
0049a07,15,place,end,PL6685,朔方
0049a10,1,place,start,PL11853,玉芝岩
0049a10,3,place,end,PL11853,玉芝岩
0049a10,4,place,start,PL11854,含暉𠅘
0049a10,6,place,end,PL11854,含暉𠅘
0050a03,9,person,start,A004215,德宗
0050a03,10,person,end,A004215,德宗
0050a03,15,person,start,A004218,貞元大覺
0050a04,0,person,end,A004218,貞元大覺
0050a05,2,person,start,A010324,崔元翰
0050a05,4,person,end,A010324,崔元翰
0050a05,11,person,start,A021041,龜登
0050a05,12,person,end,A021041,龜登
0050a06,13,person,start,A010251,素
0050a06,13,person,end,A010251,素
0050a06,16,person,start,A001263,威
0050a06,16,person,end,A001263,威
0050a07,1,person,start,A010050,持
0050a07,1,person,end,A010050,持
0050a07,4,person,start,A010049,方
0050a07,4,person,end,A010049,方
0050a07,7,person,start,A006310,巌
0050a07,7,person,end,A006310,巌
0050a07,10,person,start,A003867,嬾融
0050a07,11,person,end,A003867,嬾融
0050a07,12,person,start,A003867,融
0050a07,12,person,end,A003867,融
0050a07,14,person,start,A003654,四祖信
0050a07,16,person,end,A003654,四祖信
0050a08,4,person,start,A003552,錢氏
0050a08,5,person,end,A003552,錢氏
0050a08,8,person,start,A010323,許思
0050a08,9,person,end,A010323,許思
0050a09,15,person,start,A003552,吳越王
0050a09,17,person,end,A003552,吳越王
0050a10,11,person,start,A010559,無上
0050a10,12,person,end,A010559,無上
0051a01,4,person,start,A010559,鍳宗
0051a01,5,person,end,A010559,鍳宗
0051a01,6,place,start,PL13106,湖州長興
0051a01,9,place,end,PL13106,湖州長興
0051a01,15,person,start,A009538,徽
0051a01,15,person,end,A009538,徽
0051a02,3,person,start,A010560,晟
0051a02,3,person,end,A010560,晟
0051a03,8,place,start,PL12987,開元寺
0051a03,10,place,end,PL12987,開元寺
0051a03,13,person,start,A013931,高間
0051a03,14,person,end,A013931,高間
0051a04,6,person,start,A013931,間
0051a04,6,person,end,A013931,間
0051a05,7,person,start,A003862,悟空
0051a05,8,person,end,A003862,悟空
0051a06,13,place,start,PL12081,天目
0051a06,14,place,end,PL12081,天目
0051a06,17,place,start,PL11772,徑山
0051a06,18,place,end,PL11772,徑山
0051a07,5,person,start,A004218,國一
0051a07,6,person,end,A004218,國一
0051a10,1,place,start,PLG00000000018,江淛
0051a10,2,place,end,PLG00000000018,江淛
0051a10,9,person,start,A021049,洪察
0051a10,10,person,end,A021049,洪察
0051a10,11,person,start,A010583,洪諲
0051a10,12,person,end,A010583,洪諲
0051a10,13,person,start,A021050,洪詣
0051a10,14,person,end,A021050,洪詣
0051a10,15,person,start,A021051,洪𡨜
0051a10,16,person,end,A021051,洪𡨜
0051a11,3,person,start,A021052,行謙
0051a11,4,person,end,A021052,行謙
0051a11,5,person,start,A019279,行滿
0051a11,6,person,end,A019279,行滿
0051a11,7,person,start,A019280,行真
0051a11,8,person,end,A019280,行真
0051a11,18,person,start,A010583,諲
0051a11,18,person,end,A010583,諲
0052a03,8,person,start,A010583,諲
0052a03,8,person,end,A010583,諲
0052a05,6,person,start,A021049,察師兄
0052a05,8,person,end,A021049,察師兄
0052a06,9,person,start,A001984,大溈
0052a06,10,person,end,A001984,大溈
0052a09,12,place,start,PL11855,大𡨜巌
0052a09,14,place,end,PL11855,大𡨜巌
0052a10,1,place,start,PL8355,吳越
0052a10,2,place,end,PL8355,吳越
0052a10,3,person,start,A003552,武粛王
0052a10,5,person,end,A003552,武粛王
0052a10,11,person,start,A010559,無上
0052a10,12,person,end,A010559,無上
0052a11,1,person,start,A010563,雲牙先生沈敬修
0052a11,7,person,end,A010563,雲牙先生沈敬修
0053a03,4,person,start,A010583,法濟
0053a03,5,person,end,A010583,法濟
0053a04,4,person,start,A010583,洪諲
0053a04,5,person,end,A010583,洪諲
0053a04,8,place,start,PL13011,吳興烏程
0053a04,11,place,end,PL13011,吳興烏程
0053a05,10,person,start,A010559,無上
0053a05,11,person,end,A010559,無上
0053a06,2,place,start,PL23253,嵩嶽
0053a06,3,place,end,PL23253,嵩嶽
0053a10,11,person,start,A010559,無上
0053a10,12,person,end,A010559,無上
0053a11,2,person,start,A010501,雲岩
0053a11,3,person,end,A010501,雲岩
0053a11,8,person,start,A001984,大溈
0053a11,9,person,end,A001984,大溈
0053a11,16,person,start,A010581,石霜
0053a11,17,person,end,A010581,石霜
0054a03,8,place,start,PL12983,西峰院
0054a03,10,place,end,PL12983,西峰院
0054a03,16,place,start,PL11848,徑山
0054a03,17,place,end,PL11848,徑山
0054a03,18,person,start,A010559,無上
0054a04,1,person,end,A010559,無上
0054a04,14,place,start,PL9928,吳中
0054a04,15,place,end,PL9928,吳中
0055a03,9,person,start,A010581,石霜
0055a03,10,person,end,A010581,石霜
0056a08,16,place,start,PL24832,許州
0056a08,17,place,end,PL24832,許州
0056a08,18,person,start,A022116,金明
0056a09,1,person,end,A022116,金明
0056a09,10,person,start,A010581,石霜
0056a09,11,person,end,A010581,石霜
0056a09,14,person,start,A010583,徑山老
0056a09,16,person,end,A010583,徑山老
0057a01,7,person,start,A010581,石霜
0057a01,8,person,end,A010581,石霜
0057a05,2,person,start,A022116,明
0057a05,2,person,end,A022116,明
0057a06,1,person,start,A008599,黃巢
0057a06,2,person,end,A008599,黃巢
0057a06,5,person,start,A008599,巢
0057a06,5,person,end,A008599,巢
0057a08,15,place,start,PL8355,吳越
0057a08,16,place,end,PL8355,吳越
0057a08,17,person,start,A003552,武粛王
0057a08,19,person,end,A003552,武粛王
0057a11,7,person,start,A003552,武粛
0057a11,8,person,end,A003552,武粛
0058a01,8,person,start,A003552,武粛
0058a01,9,person,end,A003552,武粛
0058a02,1,place,start,PL11519,杭州
0058a02,2,place,end,PL11519,杭州
0058a04,1,person,start,A003552,吳越王
0058a04,3,person,end,A003552,吳越王
0058a04,9,person,start,A010583,法濟
0058a04,10,person,end,A010583,法濟
0058a07,6,person,start,A002799,牟尼
0058a07,7,person,end,A002799,牟尼
0058a07,10,person,start,A002188,迦葉
0058a07,11,person,end,A002188,迦葉
0058a10,12,person,start,A003552,武粛王
0058a10,14,person,end,A003552,武粛王
0058a11,1,person,start,A022129,冲羽
0058a11,2,person,end,A022129,冲羽
0058a11,3,person,start,A022130,久住
0058a11,4,person,end,A022130,久住
0058a11,5,person,start,A022131,智全
0058a11,6,person,end,A022131,智全
0059a01,9,person,start,A022132,吾真
0059a01,10,person,end,A022132,吾真
0059a06,8,person,start,A003552,武粛王
0059a06,10,person,end,A003552,武粛王
0059a07,4,person,start,A010583,建初興國
0059a07,7,person,end,A010583,建初興國
0059a09,5,person,start,A003552,武粛王
0059a09,7,person,end,A003552,武粛王
0059a09,11,person,start,A006771,文穆王
0059a09,13,person,end,A006771,文穆王
0059a09,18,person,start,A010583,徑山法濟
0059a10,3,person,end,A010583,徑山法濟
0059a11,16,person,start,A006771,文穆
0059a11,17,person,end,A006771,文穆
0059a11,18,person,start,A006772,忠獻
0060a01,1,person,end,A006772,忠獻
0060a01,2,person,start,A006774,忠懿王
0060a01,4,person,end,A006774,忠懿王
0060a01,8,person,start,A003552,武粛
0060a01,9,person,end,A003552,武粛
0060a03,4,person,start,A020914,慧滿扶
0060a03,6,person,end,A020914,慧滿扶
0060a04,4,person,start,A020954,法警庠
0060a04,6,person,end,A020954,法警庠
0060a05,4,person,start,A020957,脩禅師
0060a05,6,person,end,A020957,脩禅師
0060a06,4,person,start,A020958,廣燈湛
0060a06,6,person,end,A020958,廣燈湛
0060a08,4,person,start,A020589,祖印悟
0060a08,6,person,end,A020589,祖印悟
0060a08,9,place,start,PL11515,杭州
0060a08,10,place,end,PL11515,杭州
0060a09,4,person,start,A020981,浄慧隣
0060a09,6,person,end,A020981,浄慧隣
0060a10,4,person,start,A020985,妙湛慧
0060a10,6,person,end,A020985,妙湛慧
0060a11,4,person,start,A020986,演教賞
0060a11,6,person,end,A020986,演教賞
0061a01,4,person,start,A020595,寶月方
0061a01,6,person,end,A020595,寶月方
0061a02,4,person,start,A020600,澄慧淵
0061a02,6,person,end,A020600,澄慧淵
0061a03,4,person,start,A008415,無畏琳
0061a03,6,person,end,A008415,無畏琳
0061a03,9,place,start,PL13009,湖州
0061a03,10,place,end,PL13009,湖州
0061a04,4,person,start,A020983,浄慧儀
0061a04,6,person,end,A020983,浄慧儀
0061a04,9,place,start,PL12743,秀州
0061a04,10,place,end,PL12743,秀州
0061a05,4,person,start,A020987,覺潤雲
0061a05,6,person,end,A020987,覺潤雲
0061a05,9,place,start,PL20015,信州
0061a05,10,place,end,PL20015,信州
0061a06,4,person,start,A020988,玄應仁
0061a06,6,person,end,A020988,玄應仁
0061a06,9,place,start,PL14897,台州
0061a06,10,place,end,PL14897,台州
0061a07,5,person,start,A020989,普明舜
0061a07,7,person,end,A020989,普明舜
0061a07,10,place,start,PL17758,建寧
0061a07,11,place,end,PL17758,建寧
0061a08,5,person,start,A020990,大悟裕
0061a08,7,person,end,A020990,大悟裕
0061a09,5,person,start,A000475,佛日大慧杲
0061a09,9,person,end,A000475,佛日大慧杲
0061a09,12,place,start,PL16952,宣州
0061a09,13,place,end,PL16952,宣州
0061a09,17,person,start,A000475,宗杲
0061a09,18,person,end,A000475,宗杲
0061a10,2,person,start,A000475,曇晦
0061a10,3,person,end,A000475,曇晦
0061a10,6,person,start,A008387,魏國公張浚
0061a10,10,person,end,A008387,魏國公張浚
0061a10,15,person,start,A000480,孝宗
0061a10,16,person,end,A000480,孝宗
0061a10,18,person,start,A000480,普安郡王
0061a11,3,person,end,A000480,普安郡王
0061a11,13,place,start,PL11848,徑山
0061a11,14,place,end,PL11848,徑山
0062a02,9,place,start,PL11773,妙喜菴
0062a02,11,place,end,PL11773,妙喜菴
0062a03,9,person,start,A000475,大慧
0062a03,10,person,end,A000475,大慧
0062a05,12,person,start,A009012,馮公濟川
0062a05,15,person,end,A009012,馮公濟川
0062a05,16,person,start,A007553,張公九成
0062a06,1,person,end,A007553,張公九成
0062a06,9,place,start,PL11779,不動
0062a06,10,place,end,PL11779,不動
0062a06,11,place,start,PL56295,無垢
0062a06,12,place,end,PL56295,無垢
0062a07,8,place,start,PL11773,明月堂
0062a07,10,place,end,PL11773,明月堂
0062a08,5,place,start,PL11773,妙喜菴
0062a08,7,place,end,PL11773,妙喜菴
0062a08,10,person,start,A000475,普覺
0062a08,11,person,end,A000475,普覺
0062a09,5,person,start,A020992,妙空明
0062a09,7,person,end,A020992,妙空明
0062a09,10,place,start,PL15810,濠州
0062a09,11,place,end,PL15810,濠州
0062a11,5,person,start,A006941,真歇了
0062a11,7,person,end,A006941,真歇了
0062a11,10,place,start,PL35411,左綿
0062a11,11,place,end,PL35411,左綿
0062a11,15,person,start,A006941,清了
0062a11,16,person,end,A006941,清了
0063a01,2,person,start,A000084,丹霞淳
0063a01,4,person,end,A000084,丹霞淳
0063a01,9,place,start,PL10883,真州
0063a01,10,place,end,PL10883,真州
0063a01,11,place,start,PL9264,長蘆
0063a01,12,place,end,PL9264,長蘆
0063a01,14,place,start,PL12198,四明
0063a01,15,place,end,PL12198,四明
0063a01,16,place,start,PL12256,寶陀
0063a01,17,place,end,PL12256,寶陀
0063a01,18,place,start,PL14897,台
0063a01,18,place,end,PL14897,台
0063a02,2,place,start,PL14700,天封
0063a02,3,place,end,PL14700,天封
0063a02,4,place,start,PL17105,閩
0063a02,4,place,end,PL17105,閩
0063a02,6,place,start,PL17205,雪峰
0063a02,7,place,end,PL17205,雪峰
0063a02,10,place,start,PL12517,温州
0063a02,11,place,end,PL12517,温州
0063a02,12,place,start,PL12497,龍翔
0063a02,13,place,end,PL12497,龍翔
0063a02,17,person,start,A007207,慈寧皇太后
0063a03,3,person,end,A007207,慈寧皇太后
0063a03,7,place,start,PL11418,臯𠅘
0063a03,8,place,end,PL11418,臯𠅘
0063a03,9,place,start,PL11524,崇先
0063a03,10,place,end,PL11524,崇先
0063a04,1,place,start,PL11525,華桐塢
0063a04,3,place,end,PL11525,華桐塢
0063a05,5,person,start,A009482,佛行月堂昌
0063a05,9,person,end,A009482,佛行月堂昌
0063a05,12,place,start,PL13006,湖州
0063a05,13,place,end,PL13006,湖州
0063a07,5,person,start,A012839,佛海妙空訥
0063a07,9,person,end,A012839,佛海妙空訥
0063a07,12,place,start,PL12746,秀州
0063a07,13,place,end,PL12746,秀州
0063a09,5,person,start,A014731,照堂一
0063a09,7,person,end,A014731,照堂一
0063a09,10,place,start,PL12198,明州
0063a09,11,place,end,PL12198,明州
0063a10,5,person,start,A021473,圎悟粹
0063a10,7,person,end,A021473,圎悟粹
0063a10,10,place,start,PL17158,福州
0063a10,11,place,end,PL17158,福州
0063a11,5,person,start,A021474,佛慧可菴衷
0063a11,9,person,end,A021474,佛慧可菴衷
0063a11,12,place,start,PL13513,婺州
0063a11,13,place,end,PL13513,婺州
0064a02,6,person,start,A014758,大禅明
0064a02,8,person,end,A014758,大禅明
0064a02,11,place,start,PL12743,秀州
0064a02,12,place,end,PL12743,秀州
0064a02,14,person,start,A000475,妙喜
0064a02,15,person,end,A000475,妙喜
0064a03,6,person,start,A014758,明大禅
0064a03,8,person,end,A014758,明大禅
0064a04,9,place,start,PL15474,舒州
0064a04,10,place,end,PL15474,舒州
0064a04,11,place,start,PL15569,投子
0064a04,12,place,end,PL15569,投子
0064a04,14,place,start,PL9264,長蘆
0064a04,15,place,end,PL9264,長蘆
0064a05,8,person,start,A019443,陽和王
0064a05,10,person,end,A019443,陽和王
0064a06,4,place,start,PL9921,蘇州
0064a06,5,place,end,PL9921,蘇州
0064a06,18,person,start,A019443,和王
0064a07,1,person,end,A019443,和王
0064a08,14,place,start,PL11848,徑山
0064a08,15,place,end,PL11848,徑山
0064a11,8,person,start,A000480,孝宗
0064a11,9,person,end,A000480,孝宗
0065a01,5,place,start,PL9921,蘇州
0065a01,6,place,end,PL9921,蘇州
0065a01,9,place,start,PL11848,徑山
0065a01,10,place,end,PL11848,徑山
0065a01,18,person,start,A019443,和王
0065a02,1,person,end,A019443,和王
0065a04,2,place,start,PLG00000000018,江浙
0065a04,3,place,end,PLG00000000018,江浙
0065a04,4,place,start,PLG00000000052,兩湖
0065a04,5,place,end,PLG00000000052,兩湖
0065a04,10,person,start,A012858,布袋和尚
0065a04,13,person,end,A012858,布袋和尚
0065a06,5,person,start,A014843,無等才
0065a06,7,person,end,A014843,無等才
0065a06,10,place,start,PL11513,杭州
0065a06,11,place,end,PL11513,杭州
0065a07,5,person,start,A001935,佛日普慈聞
0065a07,9,person,end,A001935,佛日普慈聞
0065a07,12,place,start,PL18624,隆興
0065a07,13,place,end,PL18624,隆興
0065a09,5,person,start,A021475,寓菴潛
0065a09,7,person,end,A021475,寓菴潛
0065a10,5,person,start,A004691,密菴傑
0065a10,7,person,end,A004691,密菴傑
0065a10,10,place,start,PL17162,福州
0065a10,11,place,end,PL17162,福州
0065a10,15,person,start,A004687,應菴
0065a10,16,person,end,A004687,應菴
0065a10,18,place,start,PL13657,衢
0065a10,18,place,end,PL13657,衢
0065a11,2,place,start,PL13669,明果
0065a11,3,place,end,PL13669,明果
0065a11,6,person,start,A004687,菴
0065a11,6,person,end,A004687,菴
0066a01,3,person,start,A004687,菴
0066a01,3,person,end,A004687,菴
0066a01,8,place,start,PL13657,衢
0066a01,8,place,end,PL13657,衢
0066a01,10,place,start,PL13638,烏臣
0066a01,11,place,end,PL13638,烏臣
0066a01,13,place,start,PL11473,祥符
0066a01,14,place,end,PL11473,祥符
0066a01,15,place,start,PL8734,蒋山
0066a01,16,place,end,PL8734,蒋山
0066a01,17,place,start,PL9710,華藏
0066a01,18,place,end,PL9710,華藏
0066a02,5,place,start,PL11596,靈隱
0066a02,6,place,end,PL11596,靈隱
0066a02,9,place,start,PL12319,天童
0066a02,10,place,end,PL12319,天童
0066a02,16,place,start,PL12278,天童
0066a02,17,place,end,PL12278,天童
0066a03,1,place,start,PL12306,中峰
0066a03,2,place,end,PL12306,中峰
0066a04,5,person,start,A008602,別峰印
0066a04,7,person,end,A008602,別峰印
0066a04,10,place,start,PL35984,嘉州
0066a04,11,place,end,PL35984,嘉州
0066a04,17,person,start,A008434,華藏民
0066a05,1,person,end,A008434,華藏民
0066a05,16,place,start,PL36141,保寧
0066a05,17,place,end,PL36141,保寧
0066a05,18,place,start,PL11011,金山
0066a06,1,place,end,PL11011,金山
0066a06,2,place,start,PL12462,雪竇
0066a06,3,place,end,PL12462,雪竇
0066a06,10,person,start,A000480,孝宗
0066a06,11,person,end,A000480,孝宗
0066a06,14,place,start,PL11443,選德殿
0066a06,16,place,end,PL11443,選德殿
0066a07,9,place,start,PL11447,東華門
0066a07,11,place,end,PL11447,東華門
0067a03,10,person,start,A008602,慈辨
0067a03,11,person,end,A008602,慈辨
0067a05,6,person,start,A008603,塗毒筞
0067a05,8,person,end,A008603,塗毒筞
0067a05,11,place,start,PL14897,台州
0067a05,12,place,end,PL14897,台州
0067a07,6,person,start,A007385,佛照普慈宗覺光
0067a07,12,person,end,A007385,佛照普慈宗覺光
0067a07,15,place,start,PL19051,臨江新喻
0067a07,18,place,end,PL19051,臨江新喻
0067a08,5,person,start,A007385,德光
0067a08,6,person,end,A007385,德光
0067a08,10,person,start,A000475,妙喜
0067a08,11,person,end,A000475,妙喜
0067a08,18,person,start,A008954,李侍郎浩
0067a09,3,person,end,A008954,李侍郎浩
0067a09,6,place,start,PL14339,鴻福
0067a09,7,place,end,PL14339,鴻福
0067a09,9,place,start,PL14870,光孝
0067a09,10,place,end,PL14870,光孝
0067a09,11,person,start,A000480,孝宗
0067a09,12,person,end,A000480,孝宗
0067a10,6,place,start,PL11596,靈隱
0067a10,7,place,end,PL11596,靈隱
0067a11,12,person,start,A007385,佛照
0067a11,13,person,end,A007385,佛照
0068a02,4,place,start,PL12309,育王
0068a02,5,place,end,PL12309,育王
0068a03,14,person,start,A000480,孝宗
0068a03,15,person,end,A000480,孝宗
0068a04,14,place,start,PL12318,東菴
0068a04,15,place,end,PL12318,東菴
0068a06,2,person,start,A007385,普慧宗覺
0068a06,5,person,end,A007385,普慧宗覺
0068a07,5,person,start,A021477,雲菴慶
0068a07,7,person,end,A021477,雲菴慶
0068a07,10,place,start,PL18309,建寧
0068a07,11,place,end,PL18309,建寧
0068a08,5,person,start,A013131,佛智蒙菴聡
0068a08,9,person,end,A013131,佛智蒙菴聡
0068a08,12,place,start,PL17158,福州
0068a08,13,place,end,PL17158,福州
0068a10,6,person,start,A021478,佛日石橋宣
0068a10,10,person,end,A021478,佛日石橋宣
0068a10,13,place,start,PL35984,蜀嘉㝎
0068a10,15,place,end,PL35984,蜀嘉㝎
0068a10,18,person,start,A001930,橘洲曇公
0068a11,3,person,end,A001930,橘洲曇公
0068a11,16,person,start,A007302,魯國
0068a11,17,person,end,A007302,魯國
0069a01,5,place,start,PL11777,化城接待
0069a01,8,place,end,PL11777,化城接待
0069a01,10,place,start,PL11752,雙谿
0069a01,11,place,end,PL11752,雙谿
0069a01,14,place,start,PL36569,眉山
0069a01,15,place,end,PL36569,眉山
0069a01,16,person,start,A021513,楊汝明
0069a01,18,person,end,A021513,楊汝明
0069a04,6,person,start,A009592,佛心浙翁琰
0069a04,10,person,end,A009592,佛心浙翁琰
0069a04,13,place,start,PL14897,台州
0069a04,14,place,end,PL14897,台州
0069a06,6,person,start,A013173,佛行少林崧
0069a06,10,person,end,A013173,佛行少林崧
0069a06,13,place,start,PL18312,建寧
0069a06,14,place,end,PL18312,建寧
0069a08,6,person,start,A004697,佛鑑無凖範
0069a08,10,person,end,A004697,佛鑑無凖範
0069a08,13,place,start,PL35548,蜀梓潼
0069a08,15,place,end,PL35548,蜀梓潼
0069a09,1,person,start,A004696,破菴
0069a09,2,person,end,A004696,破菴
0069a09,8,place,start,PL12198,明
0069a09,8,place,end,PL12198,明
0069a09,10,place,start,PL12170,清凉
0069a09,11,place,end,PL12170,清凉
0069a09,13,place,start,PL10973,焦山
0069a09,14,place,end,PL10973,焦山
0069a09,15,place,start,PL12462,雪竇
0069a09,16,place,end,PL12462,雪竇
0069a10,2,place,start,PL12309,育王
0069a10,3,place,end,PL12309,育王
0069a11,8,person,start,A006606,仁宗
0069a11,9,person,end,A006606,仁宗
0069a11,14,place,start,PL11450,修政殿
0069a11,16,place,end,PL11450,修政殿
0070a01,17,place,start,PL11449,慈明殿
0070a02,1,place,end,PL11449,慈明殿
0070a02,18,person,start,A021500,陳公貴𧨏
0070a03,3,person,end,A021500,陳公貴𧨏
0070a03,4,person,start,A021500,陳公
0070a03,5,person,end,A021500,陳公
0070a03,18,person,start,A004697,佛鑑
0070a04,1,person,end,A004697,佛鑑
0070a05,6,place,start,PL11776,萬年正續
0070a05,9,place,end,PL11776,萬年正續
0070a06,8,place,start,PL11776,正續
0070a06,9,place,end,PL11776,正續
0070a07,6,person,start,A001507,癡絕冲
0070a07,8,person,end,A001507,癡絕冲
0070a07,11,place,start,PL35864,武信長江
0070a07,14,place,end,PL35864,武信長江
0070a07,18,person,start,A002613,曺源
0070a08,1,person,end,A002613,曺源
0070a08,4,place,start,PL20134,妙果
0070a08,5,place,end,PL20134,妙果
0070a08,10,place,start,PL12743,嘉禾
0070a08,11,place,end,PL12743,嘉禾
0070a08,12,place,start,PL12729,光孝
0070a08,13,place,end,PL12729,光孝
0070a08,15,place,start,PL8744,蒋山
0070a08,16,place,end,PL8744,蒋山
0070a08,17,place,start,PL17205,雪峰
0070a08,18,place,end,PL17205,雪峰
0070a09,3,place,start,PL12319,天童
0070a09,4,place,end,PL12319,天童
0070a09,9,place,start,PL11596,靈隱
0070a09,10,place,end,PL11596,靈隱
0070a09,14,place,start,PL8977,金陵
0070a09,15,place,end,PL8977,金陵
0070a10,1,person,start,A021849,莭齋趙公
0070a10,4,person,end,A021849,莭齋趙公
0070a10,9,place,start,PL9908,法華
0070a10,10,place,end,PL9908,法華
0070a10,17,place,start,PL11848,徑山
0070a10,18,place,end,PL11848,徑山
0071a02,1,place,start,PL9908,法華
0071a02,2,place,end,PL9908,法華
0071a02,7,place,start,PL11772,徑山
0071a02,8,place,end,PL11772,徑山
0071a05,4,place,start,PL8977,金陵
0071a05,5,place,end,PL8977,金陵
0071a05,6,place,start,PL8938,玉山菴
0071a05,8,place,end,PL8938,玉山菴
0071a05,14,place,start,PL11780,莆田
0071a05,15,place,end,PL11780,莆田
0071a05,16,place,start,PL11774,玉芝菴
0071a05,18,place,end,PL11774,玉芝菴
0071a07,6,person,start,A013818,佛海石谿月
0071a07,10,person,end,A013818,佛海石谿月
0071a07,13,place,start,PL36570,眉州
0071a07,14,place,end,PL36570,眉州
0071a09,6,person,start,A009583,佛智偃谿聞
0071a09,10,person,end,A009583,佛智偃谿聞
0071a09,13,place,start,PL17157,閩侯官
0071a09,15,place,end,PL17157,閩侯官
0071a11,6,person,start,A021176,佛心荊叟珏
0071a11,10,person,end,A021176,佛心荊叟珏
0071a11,13,place,start,PL13513,婺州
0071a11,14,place,end,PL13513,婺州
0072a02,6,person,start,A009002,淮海肇
0072a02,8,person,end,A009002,淮海肇
0072a02,11,place,start,PL10293,通州
0072a02,12,place,end,PL10293,通州
0072a03,5,person,start,A009654,虗堂愚
0072a03,7,person,end,A009654,虗堂愚
0072a03,10,place,start,PL12198,明州
0072a03,11,place,end,PL12198,明州
0072a04,6,person,start,A009665,藏叟珍
0072a04,8,person,end,A009665,藏叟珍
0072a04,11,place,start,PL17901,泉州
0072a04,12,place,end,PL17901,泉州
0072a05,6,person,start,A013823,虗舟度
0072a05,8,person,end,A013823,虗舟度
0072a05,11,place,start,PL10784,楊州
0072a05,12,place,end,PL10784,楊州
0072a06,6,person,start,A000472,雲峰高
0072a06,8,person,end,A000472,雲峰高
0072a06,11,place,start,PL17158,福
0072a06,11,place,end,PL17158,福
0072a06,13,place,start,PL18492,長谿
0072a06,14,place,end,PL18492,長谿
0072a06,17,person,start,A000472,妙高
0072a06,18,person,end,A000472,妙高
0072a07,2,person,start,A009583,偃谿
0072a07,3,person,end,A009583,偃谿
0072a07,5,place,start,PL12309,育王
0072a07,6,place,end,PL12309,育王
0072a07,14,person,start,A009583,谿
0072a07,14,person,end,A009583,谿
0072a10,4,place,start,PL9467,南興
0072a10,5,place,end,PL9467,南興
0072a10,6,place,start,PL9452,大蘆
0072a10,7,place,end,PL9452,大蘆
0072a10,9,place,start,PL9417,江陰
0072a10,10,place,end,PL9417,江陰
0072a10,11,place,start,PL9407,勸忠
0072a10,12,place,end,PL9407,勸忠
0072a10,13,place,start,PL13003,霅川
0072a10,14,place,end,PL13003,霅川
0072a10,15,place,start,PL12974,何山
0072a10,16,place,end,PL12974,何山
0072a11,2,place,start,PL8744,蒋山
0072a11,3,place,end,PL8744,蒋山
0073a01,16,place,start,PL15039,江淮
0073a01,17,place,end,PL15039,江淮
0073a02,2,person,start,A008476,揚輦真加
0073a02,5,person,end,A008476,揚輦真加
0073a02,7,place,start,PL197,江南
0073a02,8,place,end,PL197,江南
0073a02,18,place,start,PL317,京
0073a02,18,place,end,PL317,京
0073a07,9,place,start,PL11848,徑山
0073a07,10,place,end,PL11848,徑山
0073a10,6,person,start,A001099,虎岩伏
0073a10,8,person,end,A001099,虎岩伏
0073a10,11,place,start,PL10507,淮安
0073a10,12,place,end,PL10507,淮安
0073a11,6,person,start,A021335,夲源逹
0073a11,8,person,end,A021335,夲源逹
0073a11,11,place,start,PL14895,台州
0073a11,12,place,end,PL14895,台州
0074a02,6,person,start,A008284,晦機熙
0074a02,8,person,end,A008284,晦機熙
0074a02,11,place,start,PL18620,隆興
0074a02,12,place,end,PL18620,隆興
0074a04,6,person,start,A000489,大圎佛鑑虗谷陵
0074a04,12,person,end,A000489,大圎佛鑑虗谷陵
0074a06,6,person,start,A001032,佛日普照元叟端
0074a06,12,person,end,A001032,佛日普照元叟端
0074a06,16,place,start,PL14896,臨海
0074a06,17,place,end,PL14896,臨海
0074a07,3,person,start,A001032,行端
0074a07,4,person,end,A001032,行端
0074a07,15,place,start,PL11881,餘杭
0074a07,16,place,end,PL11881,餘杭
0074a07,17,place,start,PL11777,化城院
0074a08,1,place,end,PL11777,化城院
0074a08,3,person,start,A009665,藏叟
0074a08,4,person,end,A009665,藏叟
0074a08,6,place,start,PL11848,徑山
0074a08,7,place,end,PL11848,徑山
0074a08,16,place,start,PL13003,湖
0074a08,16,place,end,PL13003,湖
0074a08,18,place,start,PL12979,資福
0074a09,1,place,end,PL12979,資福
0074a09,4,place,start,PL317,京國
0074a09,5,place,end,PL317,京國
0074a09,9,person,start,A001032,慧文正辯
0074a09,12,person,end,A001032,慧文正辯
0074a10,3,person,start,A022066,張閭公
0074a10,5,person,end,A022066,張閭公
0074a10,9,place,start,PL11627,中天竺
0074a10,11,place,end,PL11627,中天竺
0074a10,15,place,start,PL11596,靈隱
0074a10,16,place,end,PL11596,靈隱
0074a11,6,place,start,PL11011,金山
0074a11,7,place,end,PL11011,金山
0075a01,4,person,start,A001032,佛日普照
0075a01,7,person,end,A001032,佛日普照
0075a01,16,place,start,PL11755,良渚
0075a01,17,place,end,PL11755,良渚
0075a02,1,place,start,PL11847,西菴
0075a02,2,place,end,PL11847,西菴
0075a04,18,person,start,A001099,虎岩
0075a05,1,person,end,A001099,虎岩
0075a06,2,person,start,A006611,度宗
0075a06,3,person,end,A006611,度宗
0075a07,6,person,start,A022946,高公伏章
0075a07,9,person,end,A022946,高公伏章
0075a08,1,person,start,A022946,高公
0075a08,2,person,end,A022946,高公
0075a08,6,place,start,PL11848,徑山
0075a08,7,place,end,PL11848,徑山
0076a01,1,place,start,PL55698,𡨜照塔院
0076a01,4,place,end,PL55698,𡨜照塔院
0076a02,6,person,start,A015517,廣慈曇芳忠
0076a02,10,person,end,A015517,廣慈曇芳忠
0076a02,13,place,start,PL19346,南康
0076a02,14,place,end,PL19346,南康
0076a04,5,person,start,A021440,佛慈法喜南楚悅
0076a04,11,person,end,A021440,佛慈法喜南楚悅
0076a04,14,place,start,PL18620,隆興
0076a04,15,place,end,PL18620,隆興
0076a06,6,person,start,A000981,慧性文敏古鼎銘
0076a06,12,person,end,A000981,慧性文敏古鼎銘
0076a06,15,place,start,PL12196,明州
0076a06,16,place,end,PL12196,明州
0076a08,6,person,start,A015547,佛慧慈照竺遠源
0076a08,12,person,end,A015547,佛慧慈照竺遠源
0076a08,15,place,start,PL19348,南康
0076a08,16,place,end,PL19348,南康
0076a10,6,person,start,A015578,以中及
0076a10,8,person,end,A015578,以中及
0076a10,11,place,start,PL8557,蘇州
0076a10,12,place,end,PL8557,蘇州
0076a11,6,person,start,A021454,悅堂顏
0076a11,8,person,end,A021454,悅堂顏
0076a11,11,place,start,PL12196,明州
0076a11,12,place,end,PL12196,明州
0077a01,6,person,start,A000581,季潭泐
0077a01,8,person,end,A000581,季潭泐
0077a01,11,place,start,PL14893,台州
0077a01,12,place,end,PL14893,台州
0077a03,6,person,start,A015599,象源㳤
0077a03,8,person,end,A015599,象源㳤
0077a05,6,person,start,A015560,復原報
0077a05,8,person,end,A015560,復原報
0077a07,6,person,start,A015602,大宗興
0077a07,8,person,end,A015602,大宗興
0077a09,6,person,start,A015621,止菴祥
0077a09,8,person,end,A015621,止菴祥
0077a09,11,place,start,PL11508,杭州
0077a09,12,place,end,PL11508,杭州
0077a11,5,person,start,A001222,呆菴莊
0077a11,7,person,end,A001222,呆菴莊
0077a11,10,place,start,PL14893,台州
0077a11,11,place,end,PL14893,台州
0077a11,16,place,start,PL11848,徑山
0077a11,17,place,end,PL11848,徑山
0078a01,12,person,start,A001222,呆菴
0078a01,13,person,end,A001222,呆菴
0078a05,6,person,start,A021553,岱宗㤗
0078a05,8,person,end,A021553,岱宗㤗
0078a05,11,place,start,PL13252,紹興
0078a05,12,place,end,PL13252,紹興
0078a06,6,person,start,A021554,伯藴琇
0078a06,8,person,end,A021554,伯藴琇
0078a06,11,place,start,PL9918,蘇州
0078a06,12,place,end,PL9918,蘇州
0078a07,6,person,start,A021556,敬菴莊
0078a07,8,person,end,A021556,敬菴莊
0078a07,11,place,start,PL14893,台州
0078a07,12,place,end,PL14893,台州
0078a08,6,person,start,A021557,雷菴澤
0078a08,8,person,end,A021557,雷菴澤
0078a09,6,person,start,A000589,月江浄
0078a09,8,person,end,A000589,月江浄
0078a09,11,place,start,PL13508,金華
0078a09,12,place,end,PL13508,金華
0078a10,6,person,start,A021559,雪崖珂
0078a10,8,person,end,A021559,雪崖珂
0078a10,11,place,start,PL8891,金陵
0078a10,12,place,end,PL8891,金陵
0078a11,6,person,start,A021566,西疇頃
0078a11,8,person,end,A021566,西疇頃
0078a11,11,place,start,PL13253,會稽
0078a11,12,place,end,PL13253,會稽
0079a06,6,person,start,A021560,宇中宸
0079a06,8,person,end,A021560,宇中宸
0079a06,11,place,start,PL13508,金華
0079a06,12,place,end,PL13508,金華
0079a07,6,person,start,A021561,傑峰英
0079a07,8,person,end,A021561,傑峰英
0079a08,5,person,start,A020212,一清𠀡
0079a08,7,person,end,A020212,一清𠀡
0079a08,10,place,start,PL19376,江右廬陵
0079a08,13,place,end,PL19376,江右廬陵
0079a08,18,person,start,A020212,潔祖
0079a09,1,person,end,A020212,潔祖
0079a10,5,place,start,PL19372,寶
0079a10,5,place,end,PL19372,寶
0079a10,7,person,start,A021613,正宗忠公
0079a10,10,person,end,A021613,正宗忠公
0079a11,7,person,start,A021687,雲海
0079a11,8,person,end,A021687,雲海
0079a11,15,place,start,PL9061,大天界
0079a11,17,place,end,PL9061,大天界
0080a01,10,person,start,A021689,弘慈普應
0080a01,13,person,end,A021689,弘慈普應
0080a02,12,place,start,PL312,黑塔
0080a02,13,place,end,PL312,黑塔
0080a02,15,place,start,PL323,都
0080a02,15,place,end,PL323,都
0080a02,16,place,start,PL272,阜城門
0080a02,18,place,end,PL272,阜城門
0080a03,4,place,start,PL56935,朝天宮
0080a03,6,place,end,PL56935,朝天宮
0080a05,5,place,start,PL312,弘慶禅寺
0080a05,8,place,end,PL312,弘慶禅寺
0080a06,9,place,start,PL10291,南通
0080a06,10,place,end,PL10291,南通
0080a06,11,place,start,PL10289,法至
0080a06,12,place,end,PL10289,法至
0080a06,15,place,start,PL312,弘慶
0080a06,16,place,end,PL312,弘慶
0080a08,16,person,start,A022945,胡公老先
0080a09,1,person,end,A022945,胡公老先
0080a09,12,place,start,PL11772,雙徑
0080a09,13,place,end,PL11772,雙徑
0080a09,16,person,start,A021618,覺山馮𡨴
0080a10,1,person,end,A021618,覺山馮𡨴
0080a11,6,person,start,A021615,沈福誠
0080a11,8,person,end,A021615,沈福誠
0080a11,9,person,start,A021616,杜弘真
0080a11,11,person,end,A021616,杜弘真
0081a02,5,place,start,PL11304,浙江
0081a02,6,place,end,PL11304,浙江
0081a02,12,person,start,A021619,張公
0081a02,13,person,end,A021619,張公
0081a04,3,person,start,A021617,張先生
0081a04,5,person,end,A021617,張先生
0081a05,6,person,start,A021562,無極灝
0081a05,8,person,end,A021562,無極灝
0081a06,6,person,start,A021563,宗勝胤
0081a06,8,person,end,A021563,宗勝胤
0081a07,6,person,start,A021564,正覺成
0081a07,8,person,end,A021564,正覺成
0081a08,6,person,start,A021567,用璚琚
0081a08,8,person,end,A021567,用璚琚
0081a09,6,person,start,A021568,竺芳蕋
0081a09,8,person,end,A021568,竺芳蕋
0081a10,6,person,start,A021569,庭禮訓
0081a10,8,person,end,A021569,庭禮訓
0081a11,6,person,start,A020443,天才英
0081a11,8,person,end,A020443,天才英
0082a01,6,person,start,A021570,悅山愷
0082a01,8,person,end,A021570,悅山愷
0082a02,6,person,start,A021571,石窓珉
0082a02,8,person,end,A021571,石窓珉
0082a03,5,person,start,A015451,月林鏡
0082a03,7,person,end,A015451,月林鏡
0082a03,10,place,start,PL11501,杭州
0082a03,11,place,end,PL11501,杭州
0082a03,14,place,start,PL11848,徑山
0082a03,15,place,end,PL11848,徑山
0082a04,1,person,start,A022273,張公𡨴
0082a04,3,person,end,A022273,張公𡨴
0082a04,18,place,start,PL12081,天目
0082a05,1,place,end,PL12081,天目
0082a06,14,person,start,A015451,鏡公月林
0082a06,17,person,end,A015451,鏡公月林
0082a07,14,person,start,A022644,無傳
0082a07,15,person,end,A022644,無傳
0082a08,2,person,start,A007563,東嶼
0082a08,3,person,end,A007563,東嶼
0082a11,11,person,start,A004218,國一
0082a11,12,person,end,A004218,國一
0082a11,16,place,start,PL56936,崑山
0082a11,17,place,end,PL56936,崑山
0083a06,17,place,start,PL11788,凌霄
0083a06,18,place,end,PL11788,凌霄
0085a02,2,place,start,PL11848,徑山興聖萬壽禅寺
0085a02,9,place,end,PL11848,徑山興聖萬壽禅寺
0085a02,12,place,start,PL13508,金華
0085a02,13,place,end,PL13508,金華
0085a02,14,person,start,A000589,宗淨
0085a02,15,person,end,A000589,宗淨
0085a03,2,place,start,PL11848,徑山
0085a03,3,place,end,PL11848,徑山
0085a03,4,person,start,A004218,大覺
0085a03,5,person,end,A004218,大覺
0085a03,9,person,start,A007614,張祐
0085a03,10,person,end,A007614,張祐
0085a07,2,person,start,A020600,澄慧
0085a07,3,person,end,A020600,澄慧
0085a07,6,place,start,PL36571,眉山
0085a07,7,place,end,PL36571,眉山
0085a07,8,person,start,A003555,蘇軾
0085a07,9,person,end,A003555,蘇軾
0085a08,5,place,start,PL11772,徑山
0085a08,6,place,end,PL11772,徑山
0085a09,11,place,start,PL13009,谿城
0085a09,12,place,end,PL13009,谿城
0086a02,2,place,start,PL11848,徑山寺
0086a02,4,place,end,PL11848,徑山寺
0086a03,5,place,start,PL12081,天目山
0086a03,7,place,end,PL12081,天目山
0086a08,18,place,start,PL9921,吳㑹
0086a09,1,place,end,PL9921,吳㑹
0087a03,3,place,start,PL11848,徑山寺
0087a03,5,place,end,PL11848,徑山寺
0087a06,7,place,start,PL11854,含暉亭
0087a06,9,place,end,PL11854,含暉亭
0087a06,14,place,start,PL11788,凌霄峰
0087a06,16,place,end,PL11788,凌霄峰
0087a07,1,place,start,PL28928,南嶽
0087a07,2,place,end,PL28928,南嶽
0088a04,1,place,start,PL56563,凌霄菴
0088a04,3,place,end,PL56563,凌霄菴
0088a04,4,place,start,PL9827,石湖
0088a04,5,place,end,PL9827,石湖
0088a04,6,person,start,A000868,范至能
0088a04,8,person,end,A000868,范至能
0088a09,1,place,start,PL56564,傾蓋亭
0088a09,3,place,end,PL56564,傾蓋亭
0089a01,2,place,start,PL11848,徑山寺
0089a01,4,place,end,PL11848,徑山寺
0089a03,5,place,start,PLG00000000024,五峰
0089a03,6,place,end,PLG00000000024,五峰
0089a03,10,place,start,PL11772,雙徑
0089a03,11,place,end,PL11772,雙徑
0089a05,5,person,start,A000821,釋仲靈嵩
0089a05,8,person,end,A000821,釋仲靈嵩
0089a07,1,place,start,PL11778,龍湫
0089a07,2,place,end,PL11778,龍湫
0089a09,2,place,start,PL11848,徑山
0089a09,3,place,end,PL11848,徑山
0089a09,4,person,start,A008603,塗毒
0089a09,5,person,end,A008603,塗毒
0089a09,8,person,start,A008955,陸放翁務觀
0089a09,12,person,end,A008955,陸放翁務觀
0090a01,7,person,start,A008955,放翁
0090a01,8,person,end,A008955,放翁
0090a03,4,place,start,PL11772,徑山
0090a03,5,place,end,PL11772,徑山
0090a03,7,person,start,A000475,妙喜
0090a03,8,person,end,A000475,妙喜
0090a03,11,person,start,A012804,釋空東山
0090a03,14,person,end,A012804,釋空東山
0090a08,7,person,start,A009002,釋肇淮海
0090a08,10,person,end,A009002,釋肇淮海
0091a01,1,place,start,PL11772,徑山
0091a01,2,place,end,PL11772,徑山
0091a04,6,place,start,PL11848,徑山寺
0091a04,8,place,end,PL11848,徑山寺
0091a04,11,place,start,PL56251,喝石巌
0091a04,13,place,end,PL56251,喝石巌
0091a04,14,place,start,PL11780,菖蒲田
0091a04,16,place,end,PL11780,菖蒲田
0092a04,17,place,start,PL34649,蜀
0092a04,17,place,end,PL34649,蜀
0092a05,6,place,start,PL42000,秦
0092a05,6,place,end,PL42000,秦
0092a07,2,person,start,A009592,淛翁和尚
0092a07,5,person,end,A009592,淛翁和尚
0092a08,1,place,start,PL11788,凌霄峰
0092a08,3,place,end,PL11788,凌霄峰
0092a09,18,person,start,A001428,慈氏
0092a10,1,person,end,A001428,慈氏
0092a11,1,place,start,PL42188,長安
0092a11,2,place,end,PL42188,長安
0093a01,2,person,start,A010853,見心
0093a01,3,person,end,A010853,見心
0093a01,7,place,start,PL11772,徑山
0093a01,8,place,end,PL11772,徑山
0093a01,9,person,start,A008211,虞伯生集
0093a01,12,person,end,A008211,虞伯生集
0093a02,1,place,start,PL5250,臺山
0093a02,2,place,end,PL5250,臺山
0093a02,8,place,start,PL11772,雙徑
0093a02,9,place,end,PL11772,雙徑
0093a06,6,person,start,A001032,釋端元叟
0093a06,9,person,end,A001032,釋端元叟
0094a03,2,person,start,A009005,愠藏主
0094a03,4,person,end,A009005,愠藏主
0094a03,6,place,start,PL11848,徑山
0094a03,7,place,end,PL11848,徑山
0094a03,8,person,start,A001032,元叟和尚
0094a03,11,person,end,A001032,元叟和尚
0094a03,12,person,start,A009007,釋砥平石
0094a03,15,person,end,A009007,釋砥平石
0094a06,7,place,start,PL11773,明月堂
0094a06,9,place,end,PL11773,明月堂
0094a08,3,person,start,A015599,象原
0094a08,4,person,end,A015599,象原
0094a08,6,place,start,PL11772,徑山
0094a08,7,place,end,PL11772,徑山
0094a08,8,person,start,A014441,釋仁行中
0094a08,11,person,end,A014441,釋仁行中
0094a09,5,place,start,PLG00000000024,五峰
0094a09,6,place,end,PLG00000000024,五峰
0095a02,3,place,start,PL56445,流止亭
0095a02,5,place,end,PL56445,流止亭
0095a02,11,person,start,A000581,釋泐季潭
0095a02,14,person,end,A000581,釋泐季潭
0095a07,2,place,start,PL11772,徑山
0095a07,3,place,end,PL11772,徑山
0095a07,4,place,start,PL56475,娑羅林
0095a07,6,place,end,PL56475,娑羅林
0095a07,9,person,start,A000981,釋銘古鼎
0095a07,12,person,end,A000981,釋銘古鼎
0096a04,1,place,start,PL11783,堆珠峰
0096a04,3,place,end,PL11783,堆珠峰
0096a04,6,place,start,PL11783,鉢盂峰
0096a04,8,place,end,PL11783,鉢盂峰
0096a07,1,place,start,PL11789,大人峰
0096a07,3,place,end,PL11789,大人峰
0096a07,6,place,start,PL11789,天顯峰
0096a07,8,place,end,PL11789,天顯峰
0096a08,1,place,start,PLG00000000024,五髻
0096a08,2,place,end,PLG00000000024,五髻
0096a10,1,place,start,PL11771,𩿾搏峰
0096a10,3,place,end,PL11771,𩿾搏峰
0097a02,1,place,start,PL11791,宴坐峰
0097a02,3,place,end,PL11791,宴坐峰
0097a05,1,place,start,PL11781,朝陽峰
0097a05,3,place,end,PL11781,朝陽峰
0097a08,3,place,start,PLG00000000024,五峰
0097a08,4,place,end,PLG00000000024,五峰
0097a10,10,place,start,PL11848,徑山
0097a10,11,place,end,PL11848,徑山
0097a10,12,person,start,A000981,祖銘
0097a10,13,person,end,A000981,祖銘
0097a11,4,person,start,A000981,古鼎和尚
0097a11,7,person,end,A000981,古鼎和尚
0097a11,8,person,start,A014409,歐陽圭齋
0097a11,11,person,end,A014409,歐陽圭齋
0098a01,10,place,start,PL11788,凌霄
0098a01,11,place,end,PL11788,凌霄
0098a03,1,person,start,A014409,圭齋
0098a03,2,person,end,A014409,圭齋
0098a03,4,place,start,PL56839,福建
0098a03,5,place,end,PL56839,福建
0098a03,13,place,start,PL11501,杭
0098a03,13,place,end,PL11501,杭
0098a03,15,person,start,A000981,古鼎
0098a03,16,person,end,A000981,古鼎
0098a04,2,place,start,PL11627,中竺
0098a04,3,place,end,PL11627,中竺
0098a04,10,place,start,PL11593,西湖
0098a04,11,place,end,PL11593,西湖
0098a06,13,place,start,PL11848,徑山
0098a06,14,place,end,PL11848,徑山
0098a08,4,place,start,PL11848,徑山
0098a08,5,place,end,PL11848,徑山
0098a08,6,person,start,A015578,以中和尚
0098a08,9,person,end,A015578,以中和尚
0098a08,10,person,start,A018657,釋聲九臯
0098a08,13,person,end,A018657,釋聲九臯
0098a09,8,place,start,PL11772,雙徑
0098a09,9,place,end,PL11772,雙徑
0098a11,7,person,start,A004218,大覺
0098a11,8,person,end,A004218,大覺
0099a02,8,person,start,A004218,國一
0099a02,9,person,end,A004218,國一
0099a03,18,place,start,PL317,上國
0099a04,1,place,end,PL317,上國
0099a06,4,person,start,A015599,象原
0099a06,5,person,end,A015599,象原
0099a06,9,place,start,PL11772,徑塢
0099a06,10,place,end,PL11772,徑塢
0099a06,11,person,start,A015578,釋及以中
0099a06,14,person,end,A015578,釋及以中
0099a11,1,person,start,A000589,月江和尚
0099a11,4,person,end,A000589,月江和尚
0099a11,8,person,start,A022686,雲隱曇讃
0099a11,11,person,end,A022686,雲隱曇讃
0100a02,3,place,start,PL55454,須彌
0100a02,4,place,end,PL55454,須彌
0100a03,1,place,start,PL56443,文淵閣
0100a03,3,place,end,PL56443,文淵閣
0100a03,9,place,start,PL56251,喝石巌
0100a03,11,place,end,PL56251,喝石巌
0100a04,3,person,start,A021612,正菴和尚
0100a04,6,person,end,A021612,正菴和尚
0100a04,10,person,start,A000475,妙喜
0100a04,11,person,end,A000475,妙喜
0100a05,1,person,start,A021554,琇公
0100a05,2,person,end,A021554,琇公
0100a05,9,place,start,PL11848,徑山禅寺
0100a05,12,place,end,PL11848,徑山禅寺
0100a06,14,person,start,A001522,姚廣孝
0100a06,16,person,end,A001522,姚廣孝
0100a07,1,place,start,PL11772,徑山
0100a07,2,place,end,PL11772,徑山
0100a08,11,place,start,PL11788,凌霄峰
0100a08,13,place,end,PL11788,凌霄峰
0100a08,18,place,start,PL56251,喝石岩
0100a09,2,place,end,PL56251,喝石岩
0100a10,5,person,start,A004218,國一
0100a10,6,person,end,A004218,國一
0101a04,8,person,start,A003555,蘇公
0101a04,9,person,end,A003555,蘇公
0101a05,6,person,start,A022704,印無相
0101a05,8,person,end,A022704,印無相
0101a05,10,place,start,PL11772,徑山
0101a05,11,place,end,PL11772,徑山
0101a05,14,person,start,A004218,國一
0101a05,15,person,end,A004218,國一
0101a06,13,person,start,A000581,釋泐季潭
0101a06,16,person,end,A000581,釋泐季潭
0101a07,9,place,start,PL56444,槎枒峰
0101a07,11,place,end,PL56444,槎枒峰
0101a08,16,person,start,A002188,迦葉波
0101a08,18,person,end,A002188,迦葉波
0101a09,1,place,start,PL55454,須彌
0101a09,2,place,end,PL55454,須彌
0101a10,9,place,start,PL56251,喝石巌
0101a10,11,place,end,PL56251,喝石巌
0102a01,1,person,start,A004218,國一
0102a01,2,person,end,A004218,國一
0102a01,8,place,start,PL11848,徑塢
0102a01,9,place,end,PL11848,徑塢
0102a01,13,place,start,PL8364,吳越
0102a01,14,place,end,PL8364,吳越
0102a04,5,place,start,PL18573,江西
0102a04,6,place,end,PL18573,江西
0102a04,7,person,start,A003623,馬𥳽箕
0102a04,9,person,end,A003623,馬𥳽箕
0102a05,2,place,start,PL11848,徑山
0102a05,3,place,end,PL11848,徑山
0102a05,4,person,start,A000178,南石
0102a05,5,person,end,A000178,南石
0102a06,1,place,start,PL11772,徑塢
0102a06,2,place,end,PL11772,徑塢
0102a08,8,place,start,PL11773,妙喜菴
0102a08,10,place,end,PL11773,妙喜菴
0102a10,18,place,start,PL8892,京
0102a10,18,place,end,PL8892,京
0103a01,2,person,start,A000589,月江淨
0103a01,4,person,end,A000589,月江淨
0103a01,9,place,start,PL11848,徑山
0103a01,10,place,end,PL11848,徑山
0103a04,14,person,start,A001503,道安
0103a04,15,person,end,A001503,道安
0103a04,17,person,start,A002753,鑿齒
0103a04,18,person,end,A002753,鑿齒
0103a05,1,person,start,A001204,慧遠
0103a05,2,person,end,A001204,慧遠
0103a05,4,person,start,A003245,元亮
0103a05,5,person,end,A003245,元亮
0103a05,6,person,start,A008721,道林
0103a05,7,person,end,A008721,道林
0103a05,9,person,start,A004029,居易
0103a05,10,person,end,A004029,居易
0103a05,11,person,start,A009804,文暢
0103a05,12,person,end,A009804,文暢
0103a05,14,person,start,A003947,退之
0103a05,15,person,end,A003947,退之
0103a05,16,person,start,A003970,宗元
0103a05,17,person,end,A003970,宗元
0103a06,2,place,start,PL48207,竺土
0103a06,3,place,end,PL48207,竺土
0103a11,10,place,start,PL11848,徑山
0103a11,11,place,end,PL11848,徑山
0104a01,3,person,start,A004379,唐代宗
0104a01,5,person,end,A004379,唐代宗
0104a01,7,person,start,A004218,國一欽
0104a01,9,person,end,A004218,國一欽
0104a02,4,person,start,A000475,大慧杲
0104a02,6,person,end,A000475,大慧杲
0104a02,7,person,start,A000475,杲
0104a02,7,person,end,A000475,杲
0104a02,9,person,start,A007385,佛照光
0104a02,11,person,end,A007385,佛照光
0104a02,12,person,start,A007385,光
0104a02,12,person,end,A007385,光
0104a02,14,person,start,A007798,妙峰𠵊
0104a02,16,person,end,A007798,妙峰𠵊
0104a02,17,person,start,A007798,𠵊
0104a02,17,person,end,A007798,𠵊
0104a03,1,person,start,A009665,藏叟珎
0104a03,3,person,end,A009665,藏叟珎
0104a03,4,person,start,A009665,珎
0104a03,4,person,end,A009665,珎
0104a03,6,person,start,A001032,元叟端
0104a03,8,person,end,A001032,元叟端
0104a03,9,person,start,A001032,端
0104a03,9,person,end,A001032,端
0104a03,11,place,start,PL11596,靈隱
0104a03,12,place,end,PL11596,靈隱
0104a03,13,person,start,A015601,幻隱明
0104a03,15,person,end,A015601,幻隱明
0104a03,16,person,start,A015601,明
0104a03,16,person,end,A015601,明
0104a03,18,person,start,A021612,正菴誾淨
0104a04,3,person,end,A021612,正菴誾淨
0104a04,6,person,start,A021612,正菴
0104a04,7,person,end,A021612,正菴
0104a04,17,person,start,A021740,王公時彥
0104a05,2,person,end,A021740,王公時彥
0104a05,10,person,start,A001522,姚公
0104a05,11,person,end,A001522,姚公
0104a06,6,person,start,A000589,淨師
0104a06,7,person,end,A000589,淨師
0104a07,2,person,start,A002174,孔氏
0104a07,3,person,end,A002174,孔氏
0104a07,10,person,start,A002799,釋氏
0104a07,11,person,end,A002799,釋氏
0105a01,4,place,start,PL11772,徑山
0105a01,5,place,end,PL11772,徑山
0105a01,7,place,start,PL48207,竺乾
0105a01,8,place,end,PL48207,竺乾
0105a01,9,place,start,PL48268,鷲嶺
0105a01,10,place,end,PL48268,鷲嶺
0105a01,15,person,start,A000589,淨師
0105a01,16,person,end,A000589,淨師
0105a02,1,person,start,A021612,正菴
0105a02,2,person,end,A021612,正菴
0105a04,3,place,start,PLG00000000024,五髻
0105a04,4,place,end,PLG00000000024,五髻
0105a05,9,person,start,A013173,少林
0105a05,10,person,end,A013173,少林
0105a05,11,person,start,A000475,妙喜
0105a05,12,person,end,A000475,妙喜
0105a06,14,person,start,A003947,退之
0105a06,15,person,end,A003947,退之
0105a06,16,person,start,A003970,宗元
0105a06,17,person,end,A003970,宗元
0105a10,3,place,start,PL13508,金華
0105a10,4,place,end,PL13508,金華
0105a10,5,person,start,A021744,貝秦
0105a10,6,person,end,A021744,貝秦
0105a11,1,person,start,A000589,月江和尚
0105a11,4,person,end,A000589,月江和尚
0105a11,7,place,start,PL11848,徑山
0105a11,8,place,end,PL11848,徑山
0105a11,9,place,start,PL323,京都
0105a11,10,place,end,PL323,京都
0106a01,1,place,start,PL12196,四明
0106a01,2,place,end,PL12196,四明
0106a01,3,person,start,A012732,溥洽
0106a01,4,person,end,A012732,溥洽
0106a03,4,place,start,PL11772,徑塢
0106a03,5,place,end,PL11772,徑塢
0106a04,9,place,start,PL11848,徑山
0106a04,10,place,end,PL11848,徑山
0106a04,13,person,start,A000589,月江和尚
0106a04,16,person,end,A000589,月江和尚
0106a09,11,person,start,A000475,妙喜
0106a09,12,person,end,A000475,妙喜
0106a09,17,person,start,A001032,𡨜照
0106a09,18,person,end,A001032,𡨜照
0106a10,6,place,start,PL11788,凌霄
0106a10,7,place,end,PL11788,凌霄
0106a10,9,place,start,PL48268,鷲嶺
0106a10,10,place,end,PL48268,鷲嶺
0107a01,5,person,start,A002433,堯
0107a01,5,person,end,A002433,堯
0107a01,6,person,start,A002434,舜
0107a01,6,person,end,A002434,舜
0107a02,5,place,start,PL13253,㑹稽
0107a02,6,place,end,PL13253,㑹稽
0107a02,7,person,start,A022955,唯寔
0107a02,8,person,end,A022955,唯寔
0107a03,1,person,start,A004218,國一
0107a03,2,person,end,A004218,國一
0107a03,5,place,start,PL11772,雙徑
0107a03,6,place,end,PL11772,雙徑
0107a03,13,person,start,A000475,妙喜
0107a03,14,person,end,A000475,妙喜
0107a05,9,place,start,PL11848,徑山
0107a05,10,place,end,PL11848,徑山
0107a05,13,person,start,A000589,月江
0107a05,14,person,end,A000589,月江
0107a08,1,place,start,PL317,上國
0107a08,2,place,end,PL317,上國
0107a09,13,person,start,A014409,圭齋
0107a09,14,person,end,A014409,圭齋
0107a09,16,person,start,A000981,古鼎
0107a09,17,person,end,A000981,古鼎
0107a10,1,place,start,PL11593,西湖
0107a10,2,place,end,PL11593,西湖
0107a10,7,person,start,A007530,大覺
0107a10,8,person,end,A007530,大覺
0107a10,10,person,start,A006606,仁廟
0107a10,11,person,end,A006606,仁廟
0107a10,13,place,start,PL56567,北闕
0107a10,14,place,end,PL56567,北闕
0108a02,7,place,start,PL18775,匡山
0108a02,8,place,end,PL18775,匡山
0108a02,9,person,start,A022650,余鼎
0108a02,10,person,end,A022650,余鼎
0108a03,1,person,start,A003245,陶令
0108a03,2,person,end,A003245,陶令
0108a03,4,person,start,A001204,遠公
0108a03,5,person,end,A001204,遠公
0108a03,10,place,start,PL155,西江
0108a03,11,place,end,PL155,西江
0108a03,12,person,start,A000074,大顛
0108a03,13,person,end,A000074,大顛
0108a03,15,person,start,A003947,韓子
0108a03,16,person,end,A003947,韓子
0108a05,9,place,start,PL11848,徑山
0108a05,10,place,end,PL11848,徑山
0108a05,13,person,start,A000589,月江和尚
0108a05,16,person,end,A000589,月江和尚
0108a08,1,place,start,PL8892,闕下
0108a08,2,place,end,PL8892,闕下
0108a10,10,person,start,A008471,黃太史
0108a10,12,person,end,A008471,黃太史
0108a11,3,person,start,A001050,張商英
0108a11,5,person,end,A001050,張商英
0109a04,5,person,start,A022935,正璠
0109a04,6,person,end,A022935,正璠
0109a04,8,person,start,A001222,呆菴
0109a04,9,person,end,A001222,呆菴
0109a05,8,person,start,A022936,性澄
0109a05,9,person,end,A022936,性澄
0109a05,11,person,start,A022959,海舟
0109a05,12,person,end,A022959,海舟
0109a05,13,person,start,A022960,德容
0109a05,14,person,end,A022960,德容
0109a05,15,person,start,A022961,圎慶
0109a05,16,person,end,A022961,圎慶
0109a05,18,person,start,A022962,智逹
0109a05,19,person,end,A022962,智逹
0109a07,20,place,start,PL11772,雙徑
0109a07,21,place,end,PL11772,雙徑
0109a07,22,place,start,PLG00000000024,五峰
0109a07,23,place,end,PLG00000000024,五峰
